This is pdfTeX, Version 3.141592653-2.6-1.40.25 (MiKTeX 24.1) (preloaded format=pdflatex 2025.4.24)  9 JUL 2025 00:12
entering extended mode
 restricted \write18 enabled.
 %&-line parsing enabled.
**./main.tex
(main.tex
LaTeX2e <2023-11-01> patch level 1
L3 programming layer <2024-01-04>
(C:\Users\DELL\AppData\Local\Programs\MiKTeX\tex/latex/base\report.cls
Document Class: report 2023/05/17 v1.4n Standard LaTeX document class
(C:\Users\DELL\AppData\Local\Programs\MiKTeX\tex/latex/base\size12.clo
File: size12.clo 2023/05/17 v1.4n Standard LaTeX file (size option)
)
\c@part=\count187
\c@chapter=\count188
\c@section=\count189
\c@subsection=\count190
\c@subsubsection=\count191
\c@paragraph=\count192
\c@subparagraph=\count193
\c@figure=\count194
\c@table=\count195
\abovecaptionskip=\skip48
\belowcaptionskip=\skip49
\bibindent=\dimen140
)
(preambule/preamble.tex
(C:\Users\DELL\AppData\Local\Programs\MiKTeX\tex/latex/base\inputenc.sty
Package: inputenc 2021/02/14 v1.3d Input encoding file
\inpenc@prehook=\toks17
\inpenc@posthook=\toks18
)
(C:\Users\DELL\AppData\Local\Programs\MiKTeX\tex/generic/babel\babel.sty
Package: babel 2024/01/07 v24.1 The Babel package
\babel@savecnt=\count196
\U@D=\dimen141
\l@unhyphenated=\language79

(C:\Users\DELL\AppData\Local\Programs\MiKTeX\tex/generic/babel\txtbabel.def)
\bbl@readstream=\read2
\bbl@dirlevel=\count197

*************************************
* Local config file bblopts.cfg used
*
(C:\Users\DELL\AppData\Local\Programs\MiKTeX\tex/latex/arabi\bblopts.cfg
File: bblopts.cfg 2005/09/08 v0.1 add Arabic and Farsi to "declared" options of
 babel
)
Package babel Info: Main language set with 'main='. Except if you have
(babel)             problems, prefer the default mechanism for setting
(babel)             the main language, ie, as the last declared.
(babel)             Reported on input line 4250.

(C:\Users\DELL\AppData\Local\Programs\MiKTeX\tex/generic/babel-french\french.ld
f
Language: french 2024-07-25 v3.6c French support from the babel system
Package babel Info: Hyphen rules for 'acadian' set to \l@french
(babel)             (\language22). Reported on input line 91.
Package babel Info: Hyphen rules for 'canadien' set to \l@french
(babel)             (\language22). Reported on input line 92.
\FB@stdchar=\count198
Package babel Info: Making : an active character on input line 421.
Package babel Info: Making ; an active character on input line 422.
Package babel Info: Making ! an active character on input line 423.
Package babel Info: Making ? an active character on input line 424.
\FBguill@level=\count199
\FBold@everypar=\toks19
\FB@Mht=\dimen142
\mc@charclass=\count266
\mc@charfam=\count267
\mc@charslot=\count268
\std@mcc=\count269
\dec@mcc=\count270
\FB@parskip=\dimen143
\listindentFB=\dimen144
\descindentFB=\dimen145
\labelindentFB=\dimen146
\labelwidthFB=\dimen147
\leftmarginFB=\dimen148
\parindentFFN=\dimen149
\FBfnindent=\dimen150
) (C:\Users\DELL\AppData\Local\Programs\MiKTeX\tex/latex/arabi\arabic.ldf
File: arabic.ldf 
Language: arabic 2006/01/01 v0.1 Arabic support for the babel system


Package babel Warning: No hyphenation patterns were preloaded for
(babel)                the language 'Arabic' into the format.
(babel)                Please, configure your TeX system to add them and
(babel)                rebuild the format. Now I will use the patterns
(babel)                preloaded for \language=0 instead on input line 35.

Package babel Info: Hyphen rules for 'arabic' set to \l@english
(babel)             (\language0). Reported on input line 36.
Loading the definitions for the LaTeX{} Arabic encoding
(C:\Users\DELL\AppData\Local\Programs\MiKTeX\tex/latex/arabi\laeenc.def
File: laeenc.def 2006/01/01 v0.1 Local Arabic font encoding (test version: may 
change)
Now handling font encoding LAE ...
... processing UTF-8 mapping file for font encoding LAE

(C:\Users\DELL\AppData\Local\Programs\MiKTeX\tex/latex/arabi\laeenc.dfu
File: laeenc.dfu 2006/01/01 v1.0 UTF-8 support for Arabic and Farsi for use wit
h inputenc
   defining Unicode char U+066A (decimal 1642)
   defining Unicode char U+060C (decimal 1548)
   defining Unicode char U+0660 (decimal 1632)
   defining Unicode char U+0661 (decimal 1633)
   defining Unicode char U+0662 (decimal 1634)
   defining Unicode char U+0663 (decimal 1635)
   defining Unicode char U+0664 (decimal 1636)
   defining Unicode char U+0665 (decimal 1637)
   defining Unicode char U+0666 (decimal 1638)
   defining Unicode char U+0667 (decimal 1639)
   defining Unicode char U+0668 (decimal 1640)
   defining Unicode char U+0669 (decimal 1641)
   defining Unicode char U+061B (decimal 1563)
   defining Unicode char U+061F (decimal 1567)
   defining Unicode char U+0621 (decimal 1569)
   defining Unicode char U+0622 (decimal 1570)
   defining Unicode char U+0623 (decimal 1571)
   defining Unicode char U+0624 (decimal 1572)
   defining Unicode char U+0625 (decimal 1573)
   defining Unicode char U+0626 (decimal 1574)
   defining Unicode char U+0627 (decimal 1575)
   defining Unicode char U+0628 (decimal 1576)
   defining Unicode char U+0629 (decimal 1577)
   defining Unicode char U+062A (decimal 1578)
   defining Unicode char U+062B (decimal 1579)
   defining Unicode char U+062C (decimal 1580)
   defining Unicode char U+062D (decimal 1581)
   defining Unicode char U+062E (decimal 1582)
   defining Unicode char U+062F (decimal 1583)
   defining Unicode char U+0630 (decimal 1584)
   defining Unicode char U+0631 (decimal 1585)
   defining Unicode char U+0632 (decimal 1586)
   defining Unicode char U+0633 (decimal 1587)
   defining Unicode char U+0634 (decimal 1588)
   defining Unicode char U+0635 (decimal 1589)
   defining Unicode char U+0636 (decimal 1590)
   defining Unicode char U+0637 (decimal 1591)
   defining Unicode char U+0638 (decimal 1592)
   defining Unicode char U+0639 (decimal 1593)
   defining Unicode char U+063A (decimal 1594)
   defining Unicode char U+0640 (decimal 1600)
   defining Unicode char U+0641 (decimal 1601)
   defining Unicode char U+0642 (decimal 1602)
   defining Unicode char U+0643 (decimal 1603)
   defining Unicode char U+0644 (decimal 1604)
   defining Unicode char U+0645 (decimal 1605)
   defining Unicode char U+0646 (decimal 1606)
   defining Unicode char U+0647 (decimal 1607)
   defining Unicode char U+0648 (decimal 1608)
   defining Unicode char U+0649 (decimal 1609)
   defining Unicode char U+064A (decimal 1610)
   defining Unicode char U+064B (decimal 1611)
   defining Unicode char U+064C (decimal 1612)
   defining Unicode char U+064D (decimal 1613)
   defining Unicode char U+064E (decimal 1614)
   defining Unicode char U+064F (decimal 1615)
   defining Unicode char U+0650 (decimal 1616)
   defining Unicode char U+0651 (decimal 1617)
   defining Unicode char U+0652 (decimal 1618)
   defining Unicode char U+067E (decimal 1662)
   defining Unicode char U+0686 (decimal 1670)
   defining Unicode char U+0698 (decimal 1688)
   defining Unicode char U+06A9 (decimal 1705)
   defining Unicode char U+06AF (decimal 1711)
   defining Unicode char U+06CC (decimal 1740)
   defining Unicode char U+06F0 (decimal 1776)
   defining Unicode char U+06F1 (decimal 1777)
   defining Unicode char U+06F2 (decimal 1778)
   defining Unicode char U+06F3 (decimal 1779)
   defining Unicode char U+06F4 (decimal 1780)
   defining Unicode char U+06F5 (decimal 1781)
   defining Unicode char U+06F6 (decimal 1782)
   defining Unicode char U+06F7 (decimal 1783)
   defining Unicode char U+06F8 (decimal 1784)
   defining Unicode char U+06F9 (decimal 1785)
   defining Unicode char U+200C (decimal 8204)
   defining Unicode char U+06D5 (decimal 1749)
))
Loading the Common definitions for Arabic and Farsi
(C:\Users\DELL\AppData\Local\Programs\MiKTeX\tex/latex/arabi\arabicore.sty
  Arabi Core switching commands v1.0  2006/01/01   (may still change)  
\n@everypar=\toks20
\@Arabitempboxa=\box51
\llahheight=\skip50
\Decimalheight=\skip51
)
LaTeX Font Info:    Redeclaring font encoding LAE on input line 144.

Loading the Arabi fonts definitions for Arabic
(C:\Users\DELL\AppData\Local\Programs\MiKTeX\tex/latex/arabi\arabicfnt.sty
  Arabic font switching commands v1.0  2006/01/01   (may still change)  
LaTeX Info: Redefining \texttimes on input line 101.
LaTeX Info: Redefining \times on input line 102.
LaTeX Info: Redefining \omega on input line 137.
)
Loading the Common definitions for Arabic and Farsi
(C:\Users\DELL\AppData\Local\Programs\MiKTeX\tex/latex/arabi\arabnovowel.sty
File: arabnovowel.sty 2005/09/07 v0.1 Arabic dummy vowel slots when needed
\ArabiStruthightOFF=\skip52
\ArabiStrutdepthOFF=\skip53
\ArabiStruthightON=\skip54
\ArabiStrutdepthON=\skip55
LaTeX Font Info:    Trying to load font information for LAE+cmr on input line 1
33.

(C:\Users\DELL\AppData\Local\Programs\MiKTeX\tex/latex/arabi\laecmr.fd
File: laecmr.fd 2006/01/01 v0.1 LaTeX Arabic default font description (test ver
sion: may change)
)
LaTeX Font Info:    Font shape `LAE/cmr/m/n' will be
(Font)              scaled to size 15.0pt on input line 133.
)
*************************************
* Local config file arabic.cfg used
*
(C:\Users\DELL\AppData\Local\Programs\MiKTeX\tex/latex/arabi\arabic.cfg))
(C:\Users\DELL\AppData\Local\Programs\MiKTeX\tex/latex/babel-english\english.ld
f
Language: english 2017/06/06 v3.3r English support from the babel system
Package babel Info: Hyphen rules for 'canadian' set to \l@english
(babel)             (\language0). Reported on input line 102.
Package babel Info: Hyphen rules for 'australian' set to \l@ukenglish
(babel)             (\language73). Reported on input line 105.
Package babel Info: Hyphen rules for 'newzealand' set to \l@ukenglish
(babel)             (\language73). Reported on input line 108.
))
(C:\Users\DELL\AppData\Local\Programs\MiKTeX\tex/generic/babel/locale/en\babel-
english.tex
Package babel Info: Importing font and identification data for english
(babel)             from babel-en.ini. Reported on input line 11.
)
(C:\Users\DELL\AppData\Local\Programs\MiKTeX\tex/generic/babel/locale/fr\babel-
french.tex
Package babel Info: Importing font and identification data for french
(babel)             from babel-fr.ini. Reported on input line 11.
)
(C:\Users\DELL\AppData\Local\Programs\MiKTeX\tex/latex/carlisle\scalefnt.sty)
(C:\Users\DELL\AppData\Local\Programs\MiKTeX\tex/latex/csquotes\csquotes.sty
Package: csquotes 2024-04-04 v5.2o context-sensitive quotations (JAW)

(C:\Users\DELL\AppData\Local\Programs\MiKTeX\tex/latex/etoolbox\etoolbox.sty
Package: etoolbox 2020/10/05 v2.5k e-TeX tools for LaTeX (JAW)
\etb@tempcnta=\count271
)
(C:\Users\DELL\AppData\Local\Programs\MiKTeX\tex/latex/graphics\keyval.sty
Package: keyval 2022/05/29 v1.15 key=value parser (DPC)
\KV@toks@=\toks21
)
\csq@reset=\count272
\csq@gtype=\count273
\csq@glevel=\count274
\csq@qlevel=\count275
\csq@maxlvl=\count276
\csq@tshold=\count277
\csq@ltx@everypar=\toks22

(C:\Users\DELL\AppData\Local\Programs\MiKTeX\tex/latex/csquotes\csquotes.def
File: csquotes.def 2024-04-04 v5.2o csquotes generic definitions (JAW)
)
Package csquotes Info: Trying to load configuration file 'csquotes.cfg'...
Package csquotes Info: ... configuration file loaded successfully.

(C:\Users\DELL\AppData\Local\Programs\MiKTeX\tex/latex/csquotes\csquotes.cfg
File: csquotes.cfg 
))
(C:\Users\DELL\AppData\Local\Programs\MiKTeX\tex/latex/base\fontenc.sty
Package: fontenc 2021/04/29 v2.0v Standard LaTeX package
)
(C:\Users\DELL\AppData\Local\Programs\MiKTeX\tex/latex/tools\array.sty
Package: array 2023/10/16 v2.5g Tabular extension package (FMi)
\col@sep=\dimen151
\ar@mcellbox=\box52
\extrarowheight=\dimen152
\NC@list=\toks23
\extratabsurround=\skip56
\backup@length=\skip57
\ar@cellbox=\box53
)
(C:\Users\DELL\AppData\Local\Programs\MiKTeX\tex/latex/amsmath\amsmath.sty
Package: amsmath 2023/05/13 v2.17o AMS math features
\@mathmargin=\skip58

For additional information on amsmath, use the `?' option.
(C:\Users\DELL\AppData\Local\Programs\MiKTeX\tex/latex/amsmath\amstext.sty
Package: amstext 2021/08/26 v2.01 AMS text

(C:\Users\DELL\AppData\Local\Programs\MiKTeX\tex/latex/amsmath\amsgen.sty
File: amsgen.sty 1999/11/30 v2.0 generic functions
\@emptytoks=\toks24
\ex@=\dimen153
))
(C:\Users\DELL\AppData\Local\Programs\MiKTeX\tex/latex/amsmath\amsbsy.sty
Package: amsbsy 1999/11/29 v1.2d Bold Symbols
\pmbraise@=\dimen154
)
(C:\Users\DELL\AppData\Local\Programs\MiKTeX\tex/latex/amsmath\amsopn.sty
Package: amsopn 2022/04/08 v2.04 operator names
)
\inf@bad=\count278
LaTeX Info: Redefining \frac on input line 234.
\uproot@=\count279
\leftroot@=\count280
LaTeX Info: Redefining \overline on input line 399.
LaTeX Info: Redefining \colon on input line 410.
\classnum@=\count281
\DOTSCASE@=\count282
LaTeX Info: Redefining \ldots on input line 496.
LaTeX Info: Redefining \dots on input line 499.
LaTeX Info: Redefining \cdots on input line 620.
\Mathstrutbox@=\box54
\strutbox@=\box55
LaTeX Info: Redefining \big on input line 722.
LaTeX Info: Redefining \Big on input line 723.
LaTeX Info: Redefining \bigg on input line 724.
LaTeX Info: Redefining \Bigg on input line 725.
\big@size=\dimen155
LaTeX Font Info:    Redeclaring font encoding OML on input line 743.
LaTeX Font Info:    Redeclaring font encoding OMS on input line 744.
\macc@depth=\count283
LaTeX Info: Redefining \bmod on input line 905.
LaTeX Info: Redefining \pmod on input line 910.
LaTeX Info: Redefining \smash on input line 940.
LaTeX Info: Redefining \relbar on input line 970.
LaTeX Info: Redefining \Relbar on input line 971.
\c@MaxMatrixCols=\count284
\dotsspace@=\muskip16
\c@parentequation=\count285
\dspbrk@lvl=\count286
\tag@help=\toks25
\row@=\count287
\column@=\count288
\maxfields@=\count289
\andhelp@=\toks26
\eqnshift@=\dimen156
\alignsep@=\dimen157
\tagshift@=\dimen158
\tagwidth@=\dimen159
\totwidth@=\dimen160
\lineht@=\dimen161
\@envbody=\toks27
\multlinegap=\skip59
\multlinetaggap=\skip60
\mathdisplay@stack=\toks28
LaTeX Info: Redefining \[ on input line 2953.
LaTeX Info: Redefining \] on input line 2954.
)
(C:\Users\DELL\AppData\Local\Programs\MiKTeX\tex/latex/amsfonts\amssymb.sty
Package: amssymb 2013/01/14 v3.01 AMS font symbols

(C:\Users\DELL\AppData\Local\Programs\MiKTeX\tex/latex/amsfonts\amsfonts.sty
Package: amsfonts 2013/01/14 v3.01 Basic AMSFonts support
\symAMSa=\mathgroup4
\symAMSb=\mathgroup5
LaTeX Font Info:    Redeclaring math symbol \hbar on input line 98.
LaTeX Font Info:    Overwriting math alphabet `\mathfrak' in version `bold'
(Font)                  U/euf/m/n --> U/euf/b/n on input line 106.
))
(C:\Users\DELL\AppData\Local\Programs\MiKTeX\tex/latex/amscls\amsthm.sty
Package: amsthm 2020/05/29 v2.20.6
\thm@style=\toks29
\thm@bodyfont=\toks30
\thm@headfont=\toks31
\thm@notefont=\toks32
\thm@headpunct=\toks33
\thm@preskip=\skip61
\thm@postskip=\skip62
\thm@headsep=\skip63
\dth@everypar=\toks34
)
(C:\Users\DELL\AppData\Local\Programs\MiKTeX\tex/latex/bbm\bbm.sty
Package: bbm 1999/03/15 V 1.2 provides fonts for set symbols - TH
LaTeX Font Info:    Overwriting math alphabet `\mathbbm' in version `bold'
(Font)                  U/bbm/m/n --> U/bbm/bx/n on input line 33.
LaTeX Font Info:    Overwriting math alphabet `\mathbbmss' in version `bold'
(Font)                  U/bbmss/m/n --> U/bbmss/bx/n on input line 35.
)
(C:\Users\DELL\AppData\Local\Programs\MiKTeX\tex/latex/xcolor\xcolor.sty
Package: xcolor 2023/11/15 v3.01 LaTeX color extensions (UK)

(C:\Users\DELL\AppData\Local\Programs\MiKTeX\tex/latex/graphics-cfg\color.cfg
File: color.cfg 2016/01/02 v1.6 sample color configuration
)
Package xcolor Info: Driver file: pdftex.def on input line 274.

(C:\Users\DELL\AppData\Local\Programs\MiKTeX\tex/latex/graphics-def\pdftex.def
File: pdftex.def 2022/09/22 v1.2b Graphics/color driver for pdftex
) (C:\Users\DELL\AppData\Local\Programs\MiKTeX\tex/latex/graphics\mathcolor.ltx
)
Package xcolor Info: Model `cmy' substituted by `cmy0' on input line 1350.
Package xcolor Info: Model `hsb' substituted by `rgb' on input line 1354.
Package xcolor Info: Model `RGB' extended on input line 1366.
Package xcolor Info: Model `HTML' substituted by `rgb' on input line 1368.
Package xcolor Info: Model `Hsb' substituted by `hsb' on input line 1369.
Package xcolor Info: Model `tHsb' substituted by `hsb' on input line 1370.
Package xcolor Info: Model `HSB' substituted by `hsb' on input line 1371.
Package xcolor Info: Model `Gray' substituted by `gray' on input line 1372.
Package xcolor Info: Model `wave' substituted by `hsb' on input line 1373.
) (C:\Users\DELL\AppData\Local\Programs\MiKTeX\tex/latex/graphics\dvipsnam.def
File: dvipsnam.def 2016/06/17 v3.0m Driver-dependent file (DPC,SPQR)
) (C:\Users\DELL\AppData\Local\Programs\MiKTeX\tex/latex/xcolor\svgnam.def
File: svgnam.def 2023/11/15 v3.01 Predefined colors according to SVG 1.1 (UK)
)
(C:\Users\DELL\AppData\Local\Programs\MiKTeX\tex/latex/fancyhdr\fancyhdr.sty
Package: fancyhdr 2025/02/07 v5.2 Extensive control of page headers and footers

\f@nch@headwidth=\skip64
\f@nch@offset@elh=\skip65
\f@nch@offset@erh=\skip66
\f@nch@offset@olh=\skip67
\f@nch@offset@orh=\skip68
\f@nch@offset@elf=\skip69
\f@nch@offset@erf=\skip70
\f@nch@offset@olf=\skip71
\f@nch@offset@orf=\skip72
\f@nch@height=\skip73
\f@nch@footalignment=\skip74
\f@nch@widthL=\skip75
\f@nch@widthC=\skip76
\f@nch@widthR=\skip77
\@temptokenb=\toks35
)
(C:\Users\DELL\AppData\Local\Programs\MiKTeX\tex/latex/graphics\graphicx.sty
Package: graphicx 2021/09/16 v1.2d Enhanced LaTeX Graphics (DPC,SPQR)

(C:\Users\DELL\AppData\Local\Programs\MiKTeX\tex/latex/graphics\graphics.sty
Package: graphics 2022/03/10 v1.4e Standard LaTeX Graphics (DPC,SPQR)

(C:\Users\DELL\AppData\Local\Programs\MiKTeX\tex/latex/graphics\trig.sty
Package: trig 2021/08/11 v1.11 sin cos tan (DPC)
)
(C:\Users\DELL\AppData\Local\Programs\MiKTeX\tex/latex/graphics-cfg\graphics.cf
g
File: graphics.cfg 2016/06/04 v1.11 sample graphics configuration
)
Package graphics Info: Driver file: pdftex.def on input line 107.
)
\Gin@req@height=\dimen162
\Gin@req@width=\dimen163
)
(C:\Users\DELL\AppData\Local\Programs\MiKTeX\tex/latex/enumitem\enumitem.sty
Package: enumitem 2025/02/06 v3.11 Customized lists
\labelindent=\skip78
\enit@outerparindent=\dimen164
\enit@toks=\toks36
\enit@inbox=\box56
\enit@count@id=\count290
\enitdp@description=\count291
)
(C:\Users\DELL\AppData\Local\Programs\MiKTeX\tex/latex/import\import.sty
Package: import 2020/04/01  v 6.2
)
(C:\Users\DELL\AppData\Local\Programs\MiKTeX\tex/latex/oberdiek\colonequals.sty
Package: colonequals 2016/05/16 v1.1 Colon equals symbols (HO)
) (C:\Users\DELL\AppData\Local\Programs\MiKTeX\tex/latex/hyperref\hyperref.sty
Package: hyperref 2023-11-26 v7.01g Hypertext links for LaTeX

(C:\Users\DELL\AppData\Local\Programs\MiKTeX\tex/generic/iftex\iftex.sty
Package: iftex 2022/02/03 v1.0f TeX engine tests
)
(C:\Users\DELL\AppData\Local\Programs\MiKTeX\tex/generic/infwarerr\infwarerr.st
y
Package: infwarerr 2019/12/03 v1.5 Providing info/warning/error messages (HO)
)
(C:\Users\DELL\AppData\Local\Programs\MiKTeX\tex/latex/kvsetkeys\kvsetkeys.sty
Package: kvsetkeys 2022-10-05 v1.19 Key value parser (HO)
)
(C:\Users\DELL\AppData\Local\Programs\MiKTeX\tex/generic/kvdefinekeys\kvdefinek
eys.sty
Package: kvdefinekeys 2019-12-19 v1.6 Define keys (HO)
)
(C:\Users\DELL\AppData\Local\Programs\MiKTeX\tex/generic/pdfescape\pdfescape.st
y
Package: pdfescape 2019/12/09 v1.15 Implements pdfTeX's escape features (HO)
 (C:\Users\DELL\AppData\Local\Programs\MiKTeX\tex/generic/ltxcmds\ltxcmds.sty
Package: ltxcmds 2023-12-04 v1.26 LaTeX kernel commands for general use (HO)
)
(C:\Users\DELL\AppData\Local\Programs\MiKTeX\tex/generic/pdftexcmds\pdftexcmds.
sty
Package: pdftexcmds 2020-06-27 v0.33 Utility functions of pdfTeX for LuaTeX (HO
)
Package pdftexcmds Info: \pdf@primitive is available.
Package pdftexcmds Info: \pdf@ifprimitive is available.
Package pdftexcmds Info: \pdfdraftmode found.
))
(C:\Users\DELL\AppData\Local\Programs\MiKTeX\tex/latex/hycolor\hycolor.sty
Package: hycolor 2020-01-27 v1.10 Color options for hyperref/bookmark (HO)
)
(C:\Users\DELL\AppData\Local\Programs\MiKTeX\tex/latex/letltxmacro\letltxmacro.
sty
Package: letltxmacro 2019/12/03 v1.6 Let assignment for LaTeX macros (HO)
) (C:\Users\DELL\AppData\Local\Programs\MiKTeX\tex/latex/auxhook\auxhook.sty
Package: auxhook 2019-12-17 v1.6 Hooks for auxiliary files (HO)
) (C:\Users\DELL\AppData\Local\Programs\MiKTeX\tex/latex/hyperref\nameref.sty
Package: nameref 2023-11-26 v2.56 Cross-referencing by name of section

(C:\Users\DELL\AppData\Local\Programs\MiKTeX\tex/latex/refcount\refcount.sty
Package: refcount 2019/12/15 v3.6 Data extraction from label references (HO)
)
(C:\Users\DELL\AppData\Local\Programs\MiKTeX\tex/generic/gettitlestring\gettitl
estring.sty
Package: gettitlestring 2019/12/15 v1.6 Cleanup title references (HO)

(C:\Users\DELL\AppData\Local\Programs\MiKTeX\tex/latex/kvoptions\kvoptions.sty
Package: kvoptions 2022-06-15 v3.15 Key value format for package options (HO)
))
\c@section@level=\count292
)
\@linkdim=\dimen165
\Hy@linkcounter=\count293
\Hy@pagecounter=\count294
 (C:\Users\DELL\AppData\Local\Programs\MiKTeX\tex/latex/hyperref\pd1enc.def
File: pd1enc.def 2023-11-26 v7.01g Hyperref: PDFDocEncoding definition (HO)
Now handling font encoding PD1 ...
... no UTF-8 mapping file for font encoding PD1
)
(C:\Users\DELL\AppData\Local\Programs\MiKTeX\tex/generic/intcalc\intcalc.sty
Package: intcalc 2019/12/15 v1.3 Expandable calculations with integers (HO)
)
\Hy@SavedSpaceFactor=\count295

(C:\Users\DELL\AppData\Local\Programs\MiKTeX\tex/latex/hyperref\puenc.def
File: puenc.def 2023-11-26 v7.01g Hyperref: PDF Unicode definition (HO)
Now handling font encoding PU ...
... no UTF-8 mapping file for font encoding PU
)
Package hyperref Info: Hyper figures OFF on input line 4181.
Package hyperref Info: Link nesting OFF on input line 4186.
Package hyperref Info: Hyper index ON on input line 4189.
Package hyperref Info: Plain pages OFF on input line 4196.
Package hyperref Info: Backreferencing OFF on input line 4201.
Package hyperref Info: Implicit mode ON; LaTeX internals redefined.
Package hyperref Info: Bookmarks ON on input line 4448.
\c@Hy@tempcnt=\count296

(C:\Users\DELL\AppData\Local\Programs\MiKTeX\tex/latex/url\url.sty
\Urlmuskip=\muskip17
Package: url 2013/09/16  ver 3.4  Verb mode for urls, etc.
)
LaTeX Info: Redefining \url on input line 4786.
\XeTeXLinkMargin=\dimen166

(C:\Users\DELL\AppData\Local\Programs\MiKTeX\tex/generic/bitset\bitset.sty
Package: bitset 2019/12/09 v1.3 Handle bit-vector datatype (HO)

(C:\Users\DELL\AppData\Local\Programs\MiKTeX\tex/generic/bigintcalc\bigintcalc.
sty
Package: bigintcalc 2019/12/15 v1.5 Expandable calculations on big integers (HO
)
))
\Fld@menulength=\count297
\Field@Width=\dimen167
\Fld@charsize=\dimen168
Package hyperref Info: Hyper figures OFF on input line 6065.
Package hyperref Info: Link nesting OFF on input line 6070.
Package hyperref Info: Hyper index ON on input line 6073.
Package hyperref Info: backreferencing OFF on input line 6080.
Package hyperref Info: Link coloring OFF on input line 6085.
Package hyperref Info: Link coloring with OCG OFF on input line 6090.
Package hyperref Info: PDF/A mode OFF on input line 6095.

(C:\Users\DELL\AppData\Local\Programs\MiKTeX\tex/latex/base\atbegshi-ltx.sty
Package: atbegshi-ltx 2021/01/10 v1.0c Emulation of the original atbegshi
package with kernel methods
)
\Hy@abspage=\count298
\c@Item=\count299
\c@Hfootnote=\count300
)
Package hyperref Info: Driver (autodetected): hpdftex.

(C:\Users\DELL\AppData\Local\Programs\MiKTeX\tex/latex/hyperref\hpdftex.def
File: hpdftex.def 2023-11-26 v7.01g Hyperref driver for pdfTeX

(C:\Users\DELL\AppData\Local\Programs\MiKTeX\tex/latex/base\atveryend-ltx.sty
Package: atveryend-ltx 2020/08/19 v1.0a Emulation of the original atveryend pac
kage
with kernel methods
)
\Fld@listcount=\count301
\c@bookmark@seq@number=\count302

(C:\Users\DELL\AppData\Local\Programs\MiKTeX\tex/latex/rerunfilecheck\rerunfile
check.sty
Package: rerunfilecheck 2022-07-10 v1.10 Rerun checks for auxiliary files (HO)

(C:\Users\DELL\AppData\Local\Programs\MiKTeX\tex/generic/uniquecounter\uniqueco
unter.sty
Package: uniquecounter 2019/12/15 v1.4 Provide unlimited unique counter (HO)
)
Package uniquecounter Info: New unique counter `rerunfilecheck' on input line 2
85.
)
\Hy@SectionHShift=\skip79
)
Package hyperref Info: Option `colorlinks' set `true' on input line 23.

(C:\Users\DELL\AppData\Local\Programs\MiKTeX\tex/latex/cleveref\cleveref.sty
Package: cleveref 2018/03/27 v0.21.4 Intelligent cross-referencing
Package cleveref Info: `hyperref' support loaded on input line 2370.
LaTeX Info: Redefining \cref on input line 2370.
LaTeX Info: Redefining \Cref on input line 2370.
LaTeX Info: Redefining \crefrange on input line 2370.
LaTeX Info: Redefining \Crefrange on input line 2370.
LaTeX Info: Redefining \cpageref on input line 2370.
LaTeX Info: Redefining \Cpageref on input line 2370.
LaTeX Info: Redefining \cpagerefrange on input line 2370.
LaTeX Info: Redefining \Cpagerefrange on input line 2370.
LaTeX Info: Redefining \labelcref on input line 2370.
LaTeX Info: Redefining \labelcpageref on input line 2370.
Package cleveref Info: `amsthm' support loaded on input line 3026.
)
(C:\Users\DELL\AppData\Local\Programs\MiKTeX\tex/latex/geometry\geometry.sty
Package: geometry 2020/01/02 v5.9 Page Geometry

(C:\Users\DELL\AppData\Local\Programs\MiKTeX\tex/generic/iftex\ifvtex.sty
Package: ifvtex 2019/10/25 v1.7 ifvtex legacy package. Use iftex instead.
)
\Gm@cnth=\count303
\Gm@cntv=\count304
\c@Gm@tempcnt=\count305
\Gm@bindingoffset=\dimen169
\Gm@wd@mp=\dimen170
\Gm@odd@mp=\dimen171
\Gm@even@mp=\dimen172
\Gm@layoutwidth=\dimen173
\Gm@layoutheight=\dimen174
\Gm@layouthoffset=\dimen175
\Gm@layoutvoffset=\dimen176
\Gm@dimlist=\toks37

(C:\Users\DELL\AppData\Local\Programs\MiKTeX\tex/latex/geometry\geometry.cfg))
(C:\Users\DELL\AppData\Local\Programs\MiKTeX\tex/latex/appendix\appendix.sty
Package: appendix 2020/02/08 v1.2c extra appendix facilities
\c@@pps=\count306
\c@@ppsavesec=\count307
\c@@ppsaveapp=\count308
)
(C:\Users\DELL\AppData\Local\Programs\MiKTeX\tex/latex/wrapfig\wrapfig.sty
\wrapoverhang=\dimen177
\WF@size=\dimen178
\c@WF@wrappedlines=\count309
\WF@box=\box57
\WF@everypar=\toks38
Package: wrapfig 2003/01/31  v 3.6
)
(C:\Users\DELL\AppData\Local\Programs\MiKTeX\tex/latex/cprotect\cprotect.sty
Package: cprotect 2011/01/27 v1.0e (Bruno Le Floch)

(C:\Users\DELL\AppData\Local\Programs\MiKTeX\tex/latex/base\ifthen.sty
Package: ifthen 2022/04/13 v1.1d Standard LaTeX ifthen package (DPC)
)
(C:\Users\DELL\AppData\Local\Programs\MiKTeX\tex/latex/bigfoot\suffix.sty
Package: suffix 2006/07/15 1.5a Variant command support
)
\CPT@WriteOut=\write3
\c@CPT@WriteCount=\count310
\c@CPT@numB=\count311
\CPT@commandatend@toks=\toks39
)
(preambule/tikz.tex
(C:\Users\DELL\AppData\Local\Programs\MiKTeX\tex/latex/pgf/frontendlayer\tikz.s
ty
(C:\Users\DELL\AppData\Local\Programs\MiKTeX\tex/latex/pgf/basiclayer\pgf.sty
(C:\Users\DELL\AppData\Local\Programs\MiKTeX\tex/latex/pgf/utilities\pgfrcs.sty

(C:\Users\DELL\AppData\Local\Programs\MiKTeX\tex/generic/pgf/utilities\pgfutil-
common.tex
\pgfutil@everybye=\toks40
\pgfutil@tempdima=\dimen179
\pgfutil@tempdimb=\dimen180
)
(C:\Users\DELL\AppData\Local\Programs\MiKTeX\tex/generic/pgf/utilities\pgfutil-
latex.def
\pgfutil@abb=\box58
)
(C:\Users\DELL\AppData\Local\Programs\MiKTeX\tex/generic/pgf/utilities\pgfrcs.c
ode.tex
(C:\Users\DELL\AppData\Local\Programs\MiKTeX\tex/generic/pgf\pgf.revision.tex)
Package: pgfrcs 2023-01-15 v3.1.10 (3.1.10)
))
Package: pgf 2023-01-15 v3.1.10 (3.1.10)

(C:\Users\DELL\AppData\Local\Programs\MiKTeX\tex/latex/pgf/basiclayer\pgfcore.s
ty
(C:\Users\DELL\AppData\Local\Programs\MiKTeX\tex/latex/pgf/systemlayer\pgfsys.s
ty
(C:\Users\DELL\AppData\Local\Programs\MiKTeX\tex/generic/pgf/systemlayer\pgfsys
.code.tex
Package: pgfsys 2023-01-15 v3.1.10 (3.1.10)

(C:\Users\DELL\AppData\Local\Programs\MiKTeX\tex/generic/pgf/utilities\pgfkeys.
code.tex
\pgfkeys@pathtoks=\toks41
\pgfkeys@temptoks=\toks42

(C:\Users\DELL\AppData\Local\Programs\MiKTeX\tex/generic/pgf/utilities\pgfkeysl
ibraryfiltered.code.tex
\pgfkeys@tmptoks=\toks43
))
\pgf@x=\dimen181
\pgf@y=\dimen182
\pgf@xa=\dimen183
\pgf@ya=\dimen184
\pgf@xb=\dimen185
\pgf@yb=\dimen186
\pgf@xc=\dimen187
\pgf@yc=\dimen188
\pgf@xd=\dimen189
\pgf@yd=\dimen190
\w@pgf@writea=\write4
\r@pgf@reada=\read3
\c@pgf@counta=\count312
\c@pgf@countb=\count313
\c@pgf@countc=\count314
\c@pgf@countd=\count315
\t@pgf@toka=\toks44
\t@pgf@tokb=\toks45
\t@pgf@tokc=\toks46
\pgf@sys@id@count=\count316

(C:\Users\DELL\AppData\Local\Programs\MiKTeX\tex/generic/pgf/systemlayer\pgf.cf
g
File: pgf.cfg 2023-01-15 v3.1.10 (3.1.10)
)
Driver file for pgf: pgfsys-pdftex.def

(C:\Users\DELL\AppData\Local\Programs\MiKTeX\tex/generic/pgf/systemlayer\pgfsys
-pdftex.def
File: pgfsys-pdftex.def 2023-01-15 v3.1.10 (3.1.10)

(C:\Users\DELL\AppData\Local\Programs\MiKTeX\tex/generic/pgf/systemlayer\pgfsys
-common-pdf.def
File: pgfsys-common-pdf.def 2023-01-15 v3.1.10 (3.1.10)
)))
(C:\Users\DELL\AppData\Local\Programs\MiKTeX\tex/generic/pgf/systemlayer\pgfsys
softpath.code.tex
File: pgfsyssoftpath.code.tex 2023-01-15 v3.1.10 (3.1.10)
\pgfsyssoftpath@smallbuffer@items=\count317
\pgfsyssoftpath@bigbuffer@items=\count318
)
(C:\Users\DELL\AppData\Local\Programs\MiKTeX\tex/generic/pgf/systemlayer\pgfsys
protocol.code.tex
File: pgfsysprotocol.code.tex 2023-01-15 v3.1.10 (3.1.10)
))
(C:\Users\DELL\AppData\Local\Programs\MiKTeX\tex/generic/pgf/basiclayer\pgfcore
.code.tex
Package: pgfcore 2023-01-15 v3.1.10 (3.1.10)

(C:\Users\DELL\AppData\Local\Programs\MiKTeX\tex/generic/pgf/math\pgfmath.code.
tex
(C:\Users\DELL\AppData\Local\Programs\MiKTeX\tex/generic/pgf/math\pgfmathutil.c
ode.tex)
(C:\Users\DELL\AppData\Local\Programs\MiKTeX\tex/generic/pgf/math\pgfmathparser
.code.tex
\pgfmath@dimen=\dimen191
\pgfmath@count=\count319
\pgfmath@box=\box59
\pgfmath@toks=\toks47
\pgfmath@stack@operand=\toks48
\pgfmath@stack@operation=\toks49
)
(C:\Users\DELL\AppData\Local\Programs\MiKTeX\tex/generic/pgf/math\pgfmathfuncti
ons.code.tex)
(C:\Users\DELL\AppData\Local\Programs\MiKTeX\tex/generic/pgf/math\pgfmathfuncti
ons.basic.code.tex)
(C:\Users\DELL\AppData\Local\Programs\MiKTeX\tex/generic/pgf/math\pgfmathfuncti
ons.trigonometric.code.tex)
(C:\Users\DELL\AppData\Local\Programs\MiKTeX\tex/generic/pgf/math\pgfmathfuncti
ons.random.code.tex)
(C:\Users\DELL\AppData\Local\Programs\MiKTeX\tex/generic/pgf/math\pgfmathfuncti
ons.comparison.code.tex)
(C:\Users\DELL\AppData\Local\Programs\MiKTeX\tex/generic/pgf/math\pgfmathfuncti
ons.base.code.tex)
(C:\Users\DELL\AppData\Local\Programs\MiKTeX\tex/generic/pgf/math\pgfmathfuncti
ons.round.code.tex)
(C:\Users\DELL\AppData\Local\Programs\MiKTeX\tex/generic/pgf/math\pgfmathfuncti
ons.misc.code.tex)
(C:\Users\DELL\AppData\Local\Programs\MiKTeX\tex/generic/pgf/math\pgfmathfuncti
ons.integerarithmetics.code.tex)
(C:\Users\DELL\AppData\Local\Programs\MiKTeX\tex/generic/pgf/math\pgfmathcalc.c
ode.tex)
(C:\Users\DELL\AppData\Local\Programs\MiKTeX\tex/generic/pgf/math\pgfmathfloat.
code.tex
\c@pgfmathroundto@lastzeros=\count320
))
(C:\Users\DELL\AppData\Local\Programs\MiKTeX\tex/generic/pgf/math\pgfint.code.t
ex)
(C:\Users\DELL\AppData\Local\Programs\MiKTeX\tex/generic/pgf/basiclayer\pgfcore
points.code.tex
File: pgfcorepoints.code.tex 2023-01-15 v3.1.10 (3.1.10)
\pgf@picminx=\dimen192
\pgf@picmaxx=\dimen193
\pgf@picminy=\dimen194
\pgf@picmaxy=\dimen195
\pgf@pathminx=\dimen196
\pgf@pathmaxx=\dimen197
\pgf@pathminy=\dimen198
\pgf@pathmaxy=\dimen199
\pgf@xx=\dimen256
\pgf@xy=\dimen257
\pgf@yx=\dimen258
\pgf@yy=\dimen259
\pgf@zx=\dimen260
\pgf@zy=\dimen261
)
(C:\Users\DELL\AppData\Local\Programs\MiKTeX\tex/generic/pgf/basiclayer\pgfcore
pathconstruct.code.tex
File: pgfcorepathconstruct.code.tex 2023-01-15 v3.1.10 (3.1.10)
\pgf@path@lastx=\dimen262
\pgf@path@lasty=\dimen263
)
(C:\Users\DELL\AppData\Local\Programs\MiKTeX\tex/generic/pgf/basiclayer\pgfcore
pathusage.code.tex
File: pgfcorepathusage.code.tex 2023-01-15 v3.1.10 (3.1.10)
\pgf@shorten@end@additional=\dimen264
\pgf@shorten@start@additional=\dimen265
)
(C:\Users\DELL\AppData\Local\Programs\MiKTeX\tex/generic/pgf/basiclayer\pgfcore
scopes.code.tex
File: pgfcorescopes.code.tex 2023-01-15 v3.1.10 (3.1.10)
\pgfpic=\box60
\pgf@hbox=\box61
\pgf@layerbox@main=\box62
\pgf@picture@serial@count=\count321
)
(C:\Users\DELL\AppData\Local\Programs\MiKTeX\tex/generic/pgf/basiclayer\pgfcore
graphicstate.code.tex
File: pgfcoregraphicstate.code.tex 2023-01-15 v3.1.10 (3.1.10)
\pgflinewidth=\dimen266
)
(C:\Users\DELL\AppData\Local\Programs\MiKTeX\tex/generic/pgf/basiclayer\pgfcore
transformations.code.tex
File: pgfcoretransformations.code.tex 2023-01-15 v3.1.10 (3.1.10)
\pgf@pt@x=\dimen267
\pgf@pt@y=\dimen268
\pgf@pt@temp=\dimen269
)
(C:\Users\DELL\AppData\Local\Programs\MiKTeX\tex/generic/pgf/basiclayer\pgfcore
quick.code.tex
File: pgfcorequick.code.tex 2023-01-15 v3.1.10 (3.1.10)
)
(C:\Users\DELL\AppData\Local\Programs\MiKTeX\tex/generic/pgf/basiclayer\pgfcore
objects.code.tex
File: pgfcoreobjects.code.tex 2023-01-15 v3.1.10 (3.1.10)
)
(C:\Users\DELL\AppData\Local\Programs\MiKTeX\tex/generic/pgf/basiclayer\pgfcore
pathprocessing.code.tex
File: pgfcorepathprocessing.code.tex 2023-01-15 v3.1.10 (3.1.10)
)
(C:\Users\DELL\AppData\Local\Programs\MiKTeX\tex/generic/pgf/basiclayer\pgfcore
arrows.code.tex
File: pgfcorearrows.code.tex 2023-01-15 v3.1.10 (3.1.10)
\pgfarrowsep=\dimen270
)
(C:\Users\DELL\AppData\Local\Programs\MiKTeX\tex/generic/pgf/basiclayer\pgfcore
shade.code.tex
File: pgfcoreshade.code.tex 2023-01-15 v3.1.10 (3.1.10)
\pgf@max=\dimen271
\pgf@sys@shading@range@num=\count322
\pgf@shadingcount=\count323
)
(C:\Users\DELL\AppData\Local\Programs\MiKTeX\tex/generic/pgf/basiclayer\pgfcore
image.code.tex
File: pgfcoreimage.code.tex 2023-01-15 v3.1.10 (3.1.10)
)
(C:\Users\DELL\AppData\Local\Programs\MiKTeX\tex/generic/pgf/basiclayer\pgfcore
external.code.tex
File: pgfcoreexternal.code.tex 2023-01-15 v3.1.10 (3.1.10)
\pgfexternal@startupbox=\box63
)
(C:\Users\DELL\AppData\Local\Programs\MiKTeX\tex/generic/pgf/basiclayer\pgfcore
layers.code.tex
File: pgfcorelayers.code.tex 2023-01-15 v3.1.10 (3.1.10)
)
(C:\Users\DELL\AppData\Local\Programs\MiKTeX\tex/generic/pgf/basiclayer\pgfcore
transparency.code.tex
File: pgfcoretransparency.code.tex 2023-01-15 v3.1.10 (3.1.10)
)
(C:\Users\DELL\AppData\Local\Programs\MiKTeX\tex/generic/pgf/basiclayer\pgfcore
patterns.code.tex
File: pgfcorepatterns.code.tex 2023-01-15 v3.1.10 (3.1.10)
)
(C:\Users\DELL\AppData\Local\Programs\MiKTeX\tex/generic/pgf/basiclayer\pgfcore
rdf.code.tex
File: pgfcorerdf.code.tex 2023-01-15 v3.1.10 (3.1.10)
)))
(C:\Users\DELL\AppData\Local\Programs\MiKTeX\tex/generic/pgf/modules\pgfmodules
hapes.code.tex
File: pgfmoduleshapes.code.tex 2023-01-15 v3.1.10 (3.1.10)
\pgfnodeparttextbox=\box64
)
(C:\Users\DELL\AppData\Local\Programs\MiKTeX\tex/generic/pgf/modules\pgfmodulep
lot.code.tex
File: pgfmoduleplot.code.tex 2023-01-15 v3.1.10 (3.1.10)
)
(C:\Users\DELL\AppData\Local\Programs\MiKTeX\tex/latex/pgf/compatibility\pgfcom
p-version-0-65.sty
Package: pgfcomp-version-0-65 2023-01-15 v3.1.10 (3.1.10)
\pgf@nodesepstart=\dimen272
\pgf@nodesepend=\dimen273
)
(C:\Users\DELL\AppData\Local\Programs\MiKTeX\tex/latex/pgf/compatibility\pgfcom
p-version-1-18.sty
Package: pgfcomp-version-1-18 2023-01-15 v3.1.10 (3.1.10)
))
(C:\Users\DELL\AppData\Local\Programs\MiKTeX\tex/latex/pgf/utilities\pgffor.sty

(C:\Users\DELL\AppData\Local\Programs\MiKTeX\tex/latex/pgf/utilities\pgfkeys.st
y
(C:\Users\DELL\AppData\Local\Programs\MiKTeX\tex/generic/pgf/utilities\pgfkeys.
code.tex))
(C:\Users\DELL\AppData\Local\Programs\MiKTeX\tex/latex/pgf/math\pgfmath.sty
(C:\Users\DELL\AppData\Local\Programs\MiKTeX\tex/generic/pgf/math\pgfmath.code.
tex))
(C:\Users\DELL\AppData\Local\Programs\MiKTeX\tex/generic/pgf/utilities\pgffor.c
ode.tex
Package: pgffor 2023-01-15 v3.1.10 (3.1.10)
\pgffor@iter=\dimen274
\pgffor@skip=\dimen275
\pgffor@stack=\toks50
\pgffor@toks=\toks51
))
(C:\Users\DELL\AppData\Local\Programs\MiKTeX\tex/generic/pgf/frontendlayer/tikz
\tikz.code.tex
Package: tikz 2023-01-15 v3.1.10 (3.1.10)

(C:\Users\DELL\AppData\Local\Programs\MiKTeX\tex/generic/pgf/libraries\pgflibra
ryplothandlers.code.tex
File: pgflibraryplothandlers.code.tex 2023-01-15 v3.1.10 (3.1.10)
\pgf@plot@mark@count=\count324
\pgfplotmarksize=\dimen276
)
\tikz@lastx=\dimen277
\tikz@lasty=\dimen278
\tikz@lastxsaved=\dimen279
\tikz@lastysaved=\dimen280
\tikz@lastmovetox=\dimen281
\tikz@lastmovetoy=\dimen282
\tikzleveldistance=\dimen283
\tikzsiblingdistance=\dimen284
\tikz@figbox=\box65
\tikz@figbox@bg=\box66
\tikz@tempbox=\box67
\tikz@tempbox@bg=\box68
\tikztreelevel=\count325
\tikznumberofchildren=\count326
\tikznumberofcurrentchild=\count327
\tikz@fig@count=\count328

(C:\Users\DELL\AppData\Local\Programs\MiKTeX\tex/generic/pgf/modules\pgfmodulem
atrix.code.tex
File: pgfmodulematrix.code.tex 2023-01-15 v3.1.10 (3.1.10)
\pgfmatrixcurrentrow=\count329
\pgfmatrixcurrentcolumn=\count330
\pgf@matrix@numberofcolumns=\count331
)
\tikz@expandcount=\count332

(C:\Users\DELL\AppData\Local\Programs\MiKTeX\tex/generic/pgf/frontendlayer/tikz
/libraries\tikzlibrarytopaths.code.tex
File: tikzlibrarytopaths.code.tex 2023-01-15 v3.1.10 (3.1.10)
)))
(C:\Users\DELL\AppData\Local\Programs\MiKTeX\tex/generic/pgf/frontendlayer/tikz
/libraries\tikzlibrarytrees.code.tex
File: tikzlibrarytrees.code.tex 2023-01-15 v3.1.10 (3.1.10)
)
(C:\Users\DELL\AppData\Local\Programs\MiKTeX\tex/generic/pgf/frontendlayer/tikz
/libraries/graphs\tikzlibrarygraphs.code.tex
File: tikzlibrarygraphs.code.tex 2023-01-15 v3.1.10 (3.1.10)
\tikz@lib@auto@number=\count333
\tikz@qnode@count=\count334
)
(C:\Users\DELL\AppData\Local\Programs\MiKTeX\tex/generic/pgf/frontendlayer/tikz
/libraries\tikzlibraryquotes.code.tex
File: tikzlibraryquotes.code.tex 2023-01-15 v3.1.10 (3.1.10)
)
(C:\Users\DELL\AppData\Local\Programs\MiKTeX\tex/generic/pgf/frontendlayer/tikz
/libraries\tikzlibrarypositioning.code.tex
File: tikzlibrarypositioning.code.tex 2023-01-15 v3.1.10 (3.1.10)
)
(C:\Users\DELL\AppData\Local\Programs\MiKTeX\tex/generic/pgf/frontendlayer/tikz
/libraries\tikzlibrarycalc.code.tex
File: tikzlibrarycalc.code.tex 2023-01-15 v3.1.10 (3.1.10)
)
(C:\Users\DELL\AppData\Local\Programs\MiKTeX\tex/generic/pgf/frontendlayer/tikz
/libraries\tikzlibrarybackgrounds.code.tex
File: tikzlibrarybackgrounds.code.tex 2023-01-15 v3.1.10 (3.1.10)
\pgf@layerbox@background=\box69
\pgf@layerboxsaved@background=\box70
)
(C:\Users\DELL\AppData\Local\Programs\MiKTeX\tex/generic/pgf/frontendlayer/tikz
/libraries\tikzlibrarydecorations.pathreplacing.code.tex
(C:\Users\DELL\AppData\Local\Programs\MiKTeX\tex/generic/pgf/frontendlayer/tikz
/libraries\tikzlibrarydecorations.code.tex
(C:\Users\DELL\AppData\Local\Programs\MiKTeX\tex/generic/pgf/modules\pgfmoduled
ecorations.code.tex
\pgfdecoratedcompleteddistance=\dimen285
\pgfdecoratedremainingdistance=\dimen286
\pgfdecoratedinputsegmentcompleteddistance=\dimen287
\pgfdecoratedinputsegmentremainingdistance=\dimen288
\pgf@decorate@distancetomove=\dimen289
\pgf@decorate@repeatstate=\count335
\pgfdecorationsegmentamplitude=\dimen290
\pgfdecorationsegmentlength=\dimen291
)
\tikz@lib@dec@box=\box71
)
(C:\Users\DELL\AppData\Local\Programs\MiKTeX\tex/generic/pgf/libraries/decorati
ons\pgflibrarydecorations.pathreplacing.code.tex))
(C:\Users\DELL\AppData\Local\Programs\MiKTeX\tex/generic/pgf/frontendlayer/tikz
/libraries\tikzlibrarybabel.code.tex
File: tikzlibrarybabel.code.tex 2023-01-15 v3.1.10 (3.1.10)
)
(C:\Users\DELL\AppData\Local\Programs\MiKTeX\tex/latex/tikz-qtree\tikz-qtree.st
y (C:\Users\DELL\AppData\Local\Programs\MiKTeX\tex/latex/tikz-qtree\pgftree.sty

(C:\Users\DELL\AppData\Local\Programs\MiKTeX\tex/latex/tikz-qtree\pgfsubpic.sty

(C:\Users\DELL\AppData\Local\Programs\MiKTeX\tex/generic/tikz-qtree\pgfsubpic.t
ex
\pgf@subpicminx=\dimen292
\pgf@subpicminy=\dimen293
\pgf@subpicmaxx=\dimen294
\pgf@subpicmaxy=\dimen295
))
(C:\Users\DELL\AppData\Local\Programs\MiKTeX\tex/generic/tikz-qtree\pgftree.tex
\levelsep=\dimen296
\subtreesep=\dimen297
\smuggle@levelsep=\dimen298
\smuggle@subtreesep=\dimen299
\this@levelsep=\dimen300
\this@subtreesep=\dimen301
\pgftree@childx=\dimen302
\pgftree@savechildx=\dimen303
\pgftree@childy=\dimen304
\pgftree@savechildy=\dimen305
\pgftree@childi=\count336
\pgftree@savechildi=\count337
\pgftree@level=\count338
\pgftree@depth=\dimen306
\pgf@subpic@hbox@children=\box72
\pgf@subpic@minx@children=\dimen307
\pgf@subpic@miny@children=\dimen308
\pgf@subpic@maxx@children=\dimen309
\pgf@subpic@maxy@children=\dimen310
\pgftree@lastchildx=\dimen311
\pgftree@lastchildy=\dimen312
))
(C:\Users\DELL\AppData\Local\Programs\MiKTeX\tex/generic/tikz-qtree\tikz-qtree.
tex
\@result=\toks52
\child@list=\toks53
\root@node=\toks54
)))
(C:\Users\DELL\AppData\Local\Programs\MiKTeX\tex/latex/circuitikz\circuitikz.st
y
Package: circuitikz 2025/03/21{} The CircuiTikz circuit drawing package version
 1.7.2

(C:\Users\DELL\AppData\Local\Programs\MiKTeX\tex/generic/pgf/libraries\pgflibra
ryarrows.meta.code.tex
File: pgflibraryarrows.meta.code.tex 2023-01-15 v3.1.10 (3.1.10)
\pgfarrowinset=\dimen313
\pgfarrowlength=\dimen314
\pgfarrowwidth=\dimen315
\pgfarrowlinewidth=\dimen316
)
(C:\Users\DELL\AppData\Local\Programs\MiKTeX\tex/generic/pgf/frontendlayer/tikz
/libraries\tikzlibrarybending.code.tex
File: tikzlibrarybending.code.tex 2023-01-15 v3.1.10 (3.1.10)

(C:\Users\DELL\AppData\Local\Programs\MiKTeX\tex/generic/pgf/modules\pgfmoduleb
ending.code.tex
File: pgfmodulebending.code.tex 2023-01-15 v3.1.10 (3.1.10)

(C:\Users\DELL\AppData\Local\Programs\MiKTeX\tex/generic/pgf/modules\pgfmodulen
onlineartransformations.code.tex
File: pgfmodulenonlineartransformations.code.tex 2023-01-15 v3.1.10 (3.1.10)
\pgftransformnonlinearflatness=\dimen317
)
(C:\Users\DELL\AppData\Local\Programs\MiKTeX\tex/generic/pgf/libraries\pgflibra
rycurvilinear.code.tex
File: pgflibrarycurvilinear.code.tex 2023-01-15 v3.1.10 (3.1.10)
\pgf@curvilinear@time@a=\dimen318
\pgf@curvilinear@length@a=\dimen319
\pgf@curvilinear@length@b=\dimen320
\pgf@curvilinear@length@c=\dimen321
\pgf@curvilinear@length@d=\dimen322
)
\pgf@arrows@the@rigidity=\dimen323
))
(C:\Users\DELL\AppData\Local\Programs\MiKTeX\tex/generic/pgf/frontendlayer/tikz
/libraries\tikzlibraryfpu.code.tex
(C:\Users\DELL\AppData\Local\Programs\MiKTeX\tex/generic/pgf/libraries\pgflibra
ryfpu.code.tex))
(C:\Users\DELL\AppData\Local\Programs\MiKTeX\tex/generic/circuitikz\pgfcirc.def
ines.tex
\pgf@circ@count@a=\count339
\pgf@circ@count@b=\count340
\pgf@circ@count@c=\count341
\pgf@circ@res@up=\dimen324
\pgf@circ@res@down=\dimen325
\pgf@circ@res@zero=\dimen326
\pgf@circ@res@left=\dimen327
\pgf@circ@res@right=\dimen328
\pgf@circ@res@other=\dimen329
\pgf@circ@res@step=\dimen330
\pgf@circ@res@temp=\dimen331
\pgf@circ@Rlen=\dimen332
\pgf@circ@scaled@Rlen=\dimen333
\pgfstartlinewidth=\dimen334
)
(C:\Users\DELL\AppData\Local\Programs\MiKTeX\tex/generic/circuitikz\pgfcircutil
s.tex
\ctikz@scratchbox=\box73
)
(C:\Users\DELL\AppData\Local\Programs\MiKTeX\tex/generic/circuitikz\pgfcircpath
.tex)
(C:\Users\DELL\AppData\Local\Programs\MiKTeX\tex/generic/circuitikz\pgfcircshap
es.tex)
(C:\Users\DELL\AppData\Local\Programs\MiKTeX\tex/generic/circuitikz\pgfcircmono
poles.tex)
(C:\Users\DELL\AppData\Local\Programs\MiKTeX\tex/generic/circuitikz\pgfcircbipo
les.tex)
(C:\Users\DELL\AppData\Local\Programs\MiKTeX\tex/generic/circuitikz\pgfcirctrip
oles.tex
\pgf@circ@res@count=\count342
)
(C:\Users\DELL\AppData\Local\Programs\MiKTeX\tex/generic/circuitikz\pgfcircquad
poles.tex)
(C:\Users\DELL\AppData\Local\Programs\MiKTeX\tex/generic/circuitikz\pgfcircmult
ipoles.tex)
(C:\Users\DELL\AppData\Local\Programs\MiKTeX\tex/generic/circuitikz\pgfcirclabe
l.tex)
(C:\Users\DELL\AppData\Local\Programs\MiKTeX\tex/generic/circuitikz\pgfcircvolt
age.tex
\pgfcirc@labelshift=\dimen335
)
(C:\Users\DELL\AppData\Local\Programs\MiKTeX\tex/generic/circuitikz\pgfcirccurr
ent.tex)
(C:\Users\DELL\AppData\Local\Programs\MiKTeX\tex/generic/circuitikz\pgfcircflow
.tex))
\figureheight=\skip80
\figurewidth=\skip81

(C:\Users\DELL\AppData\Local\Programs\MiKTeX\tex/latex/biblatex\biblatex.sty
Package: biblatex 2023/03/05 v3.19 programmable bibliographies (PK/MW)

(C:\Users\DELL\AppData\Local\Programs\MiKTeX\tex/latex/logreq\logreq.sty
Package: logreq 2010/08/04 v1.0 xml request logger
\lrq@indent=\count343

(C:\Users\DELL\AppData\Local\Programs\MiKTeX\tex/latex/logreq\logreq.def
File: logreq.def 2010/08/04 v1.0 logreq spec v1.0
))
\c@tabx@nest=\count344
\c@listtotal=\count345
\c@listcount=\count346
\c@liststart=\count347
\c@liststop=\count348
\c@citecount=\count349
\c@citetotal=\count350
\c@multicitecount=\count351
\c@multicitetotal=\count352
\c@instcount=\count353
\c@maxnames=\count354
\c@minnames=\count355
\c@maxitems=\count356
\c@minitems=\count357
\c@citecounter=\count358
\c@maxcitecounter=\count359
\c@savedcitecounter=\count360
\c@uniquelist=\count361
\c@uniquename=\count362
\c@refsection=\count363
\c@refsegment=\count364
\c@maxextratitle=\count365
\c@maxextratitleyear=\count366
\c@maxextraname=\count367
\c@maxextradate=\count368
\c@maxextraalpha=\count369
\c@abbrvpenalty=\count370
\c@highnamepenalty=\count371
\c@lownamepenalty=\count372
\c@maxparens=\count373
\c@parenlevel=\count374
\blx@tempcnta=\count375
\blx@tempcntb=\count376
\blx@tempcntc=\count377
\c@blx@maxsection=\count378
\blx@maxsegment@0=\count379
\blx@notetype=\count380
\blx@parenlevel@text=\count381
\blx@parenlevel@foot=\count382
\blx@sectionciteorder@0=\count383
\blx@sectionciteorderinternal@0=\count384
\blx@entrysetcounter=\count385
\blx@biblioinstance=\count386
\labelnumberwidth=\skip82
\labelalphawidth=\skip83
\biblabelsep=\skip84
\bibitemsep=\skip85
\bibnamesep=\skip86
\bibinitsep=\skip87
\bibparsep=\skip88
\bibhang=\skip89
\blx@bcfin=\read4
\blx@bcfout=\write5
\blx@langwohyphens=\language80
\c@mincomprange=\count387
\c@maxcomprange=\count388
\c@mincompwidth=\count389
Package biblatex Info: Trying to load biblatex default data model...
Package biblatex Info: ... file 'blx-dm.def' found.

(C:\Users\DELL\AppData\Local\Programs\MiKTeX\tex/latex/biblatex\blx-dm.def
File: blx-dm.def 2023/03/05 v3.19 biblatex localization (PK/MW)
)
Package biblatex Info: Trying to load biblatex style data model...
Package biblatex Info: ... file 'apa.dbx' found.

(C:\Users\DELL\AppData\Local\Programs\MiKTeX\tex/latex/biblatex-apa\apa.dbx
File: apa.dbx 2023/03/20 v9.17 APA biblatex style data model
)
Package biblatex Info: Trying to load biblatex custom data model...
Package biblatex Info: ... file 'biblatex-dm.cfg' not found.
\c@afterword=\count390
\c@savedafterword=\count391
\c@annotator=\count392
\c@savedannotator=\count393
\c@author=\count394
\c@savedauthor=\count395
\c@bookauthor=\count396
\c@savedbookauthor=\count397
\c@commentator=\count398
\c@savedcommentator=\count399
\c@editor=\count400
\c@savededitor=\count401
\c@editora=\count402
\c@savededitora=\count403
\c@editorb=\count404
\c@savededitorb=\count405
\c@editorc=\count406
\c@savededitorc=\count407
\c@foreword=\count408
\c@savedforeword=\count409
\c@holder=\count410
\c@savedholder=\count411
\c@introduction=\count412
\c@savedintroduction=\count413
\c@namea=\count414
\c@savednamea=\count415
\c@nameb=\count416
\c@savednameb=\count417
\c@namec=\count418
\c@savednamec=\count419
\c@translator=\count420
\c@savedtranslator=\count421
\c@shortauthor=\count422
\c@savedshortauthor=\count423
\c@shorteditor=\count424
\c@savedshorteditor=\count425
\c@narrator=\count426
\c@savednarrator=\count427
\c@execproducer=\count428
\c@savedexecproducer=\count429
\c@execdirector=\count430
\c@savedexecdirector=\count431
\c@with=\count432
\c@savedwith=\count433
\c@labelname=\count434
\c@savedlabelname=\count435
\c@institution=\count436
\c@savedinstitution=\count437
\c@lista=\count438
\c@savedlista=\count439
\c@listb=\count440
\c@savedlistb=\count441
\c@listc=\count442
\c@savedlistc=\count443
\c@listd=\count444
\c@savedlistd=\count445
\c@liste=\count446
\c@savedliste=\count447
\c@listf=\count448
\c@savedlistf=\count449
\c@location=\count450
\c@savedlocation=\count451
\c@organization=\count452
\c@savedorganization=\count453
\c@origlocation=\count454
\c@savedoriglocation=\count455
\c@origpublisher=\count456
\c@savedorigpublisher=\count457
\c@publisher=\count458
\c@savedpublisher=\count459
\c@language=\count460
\c@savedlanguage=\count461
\c@origlanguage=\count462
\c@savedoriglanguage=\count463
\c@citation=\count464
\c@savedcitation=\count465
\c@pageref=\count466
\c@savedpageref=\count467
\shorthandwidth=\skip90
\shortjournalwidth=\skip91
\shortserieswidth=\skip92
\shorttitlewidth=\skip93
\shortauthorwidth=\skip94
\shorteditorwidth=\skip95
\locallabelnumberwidth=\skip96
\locallabelalphawidth=\skip97
\localshorthandwidth=\skip98
\localshortjournalwidth=\skip99
\localshortserieswidth=\skip100
\localshorttitlewidth=\skip101
\localshortauthorwidth=\skip102
\localshorteditorwidth=\skip103
Package biblatex Info: Trying to load compatibility code...
Package biblatex Info: ... file 'blx-compat.def' found.

(C:\Users\DELL\AppData\Local\Programs\MiKTeX\tex/latex/biblatex\blx-compat.def
File: blx-compat.def 2023/03/05 v3.19 biblatex compatibility (PK/MW)
)
Package biblatex Info: Trying to load generic definitions...
Package biblatex Info: ... file 'biblatex.def' found.
(C:\Users\DELL\AppData\Local\Programs\MiKTeX\tex/latex/biblatex\biblatex.def
File: biblatex.def 2023/03/05 v3.19 biblatex compatibility (PK/MW)
\c@textcitecount=\count468
\c@textcitetotal=\count469
\c@textcitemaxnames=\count470
\c@biburlbigbreakpenalty=\count471
\c@biburlbreakpenalty=\count472
\c@biburlnumpenalty=\count473
\c@biburlucpenalty=\count474
\c@biburllcpenalty=\count475
\biburlbigskip=\muskip18
\biburlnumskip=\muskip19
\biburlucskip=\muskip20
\biburllcskip=\muskip21
\c@smartand=\count476
)
Package biblatex Info: Trying to load bibliography style 'apa'...
Package biblatex Info: ... file 'apa.bbx' found.

(C:\Users\DELL\AppData\Local\Programs\MiKTeX\tex/latex/biblatex-apa\apa.bbx
File: apa.bbx 2023/03/20 v9.17 APA biblatex references style
Package biblatex Info: Trying to load bibliography style 'standard'...
Package biblatex Info: ... file 'standard.bbx' found.

(C:\Users\DELL\AppData\Local\Programs\MiKTeX\tex/latex/biblatex/bbx\standard.bb
x
File: standard.bbx 2023/03/05 v3.19 biblatex bibliography style (PK/MW)
\c@bbx:relatedcount=\count477
\c@bbx:relatedtotal=\count478
)
Package biblatex Info: Delimiter 'nameyeardelim' in context 'bib' already defin
ed, overwriting.
Package biblatex Info: Delimiter 'nameyeardelim' in context 'biblist' already d
efined, overwriting.
Package biblatex Info: Delimiter 'nonameyeardelim' in context 'bib' already def
ined, overwriting.
Package biblatex Info: Delimiter 'nonameyeardelim' in context 'biblist' already
 defined, overwriting.
)
Package biblatex Info: Trying to load citation style 'apa'...
Package biblatex Info: ... file 'apa.cbx' found.
 (C:\Users\DELL\AppData\Local\Programs\MiKTeX\tex/latex/biblatex-apa\apa.cbx
File: apa.cbx 2023/03/20 v9.17 APA biblatex citation style
Package biblatex Info: Delimiter 'nameyeardelim' in context '' already defined,
 overwriting.
Package biblatex Info: Delimiter 'andothersdelim' in context '' already defined
, overwriting.
Package biblatex Info: Redefining '\fullcite'.
Package biblatex Info: Redefining '\citeauthor'.
Package biblatex Info: Redefining '\citeyear'.
Package biblatex Info: Redefining '\cite'.
Package biblatex Info: Redefining '\cites'.
Package biblatex Info: Redefining '\parencite'.
Package biblatex Info: Redefining '\parencites'.
Package biblatex Info: Redefining '\footcite'.
Package biblatex Info: Redefining '\footcites'.
Package biblatex Info: Redefining '\footcitetext'.
Package biblatex Info: Redefining '\footcitetexts'.
Package biblatex Info: Redefining '\smartcite'.
Package biblatex Info: Redefining '\smartcites'.
Package biblatex Info: Redefining '\textcite'.
Package biblatex Info: Redefining '\textcites'.
)
Package biblatex Info: Trying to load configuration file...
Package biblatex Info: ... file 'biblatex.cfg' found.
 (C:\Users\DELL\AppData\Local\Programs\MiKTeX\tex/latex/biblatex\biblatex.cfg
File: biblatex.cfg 
)
Package biblatex Info: Input encoding 'utf8' detected.
Package biblatex Info: Document encoding is UTF8 ....
(C:\Users\DELL\AppData\Local\Programs\MiKTeX\tex/latex/l3kernel\expl3.sty
Package: expl3 2024-01-04 L3 programming layer (loader) 

(C:\Users\DELL\AppData\Local\Programs\MiKTeX\tex/latex/l3backend\l3backend-pdft
ex.def
File: l3backend-pdftex.def 2024-01-04 L3 backend support: PDF output (pdfTeX)
\l__color_backend_stack_int=\count479
\l__pdf_internal_box=\box74
))
Package biblatex Info: ... and expl3
(biblatex)             2024-01-04 L3 programming layer (loader) 
(biblatex)             is new enough (at least 2020/04/06),
(biblatex)             setting 'casechanger=expl3'.

(C:\Users\DELL\AppData\Local\Programs\MiKTeX\tex/latex/biblatex\blx-case-expl3.
sty
(C:\Users\DELL\AppData\Local\Programs\MiKTeX\tex/latex/l3packages/xparse\xparse
.sty
Package: xparse 2023-10-10 L3 Experimental document command parser
)
Package: blx-case-expl3 2023/03/05 v3.19 expl3 case changing code for biblatex
))
(C:\Users\DELL\AppData\Local\Programs\MiKTeX\tex/latex/caption\caption.sty
Package: caption 2023/08/05 v3.6o Customizing captions (AR)

(C:\Users\DELL\AppData\Local\Programs\MiKTeX\tex/latex/caption\caption3.sty
Package: caption3 2023/07/31 v2.4d caption3 kernel (AR)
\caption@tempdima=\dimen336
\captionmargin=\dimen337
\caption@leftmargin=\dimen338
\caption@rightmargin=\dimen339
\caption@width=\dimen340
\caption@indent=\dimen341
\caption@parindent=\dimen342
\caption@hangindent=\dimen343
Package caption Info: arabic babel option detected.
Package caption Info: arabi babel package is loaded.
Package caption Info: french babel package is loaded.
)
\c@caption@flags=\count480
\c@continuedfloat=\count481
Package caption Info: arabi babel package is loaded.
Package caption Info: hyperref package is loaded.
Package caption Info: wrapfig package is loaded.
)
(preambule/codestyle.tex
(C:\Users\DELL\AppData\Local\Programs\MiKTeX\tex/latex/listings\listings.sty
\lst@mode=\count482
\lst@gtempboxa=\box75
\lst@token=\toks55
\lst@length=\count483
\lst@currlwidth=\dimen344
\lst@column=\count484
\lst@pos=\count485
\lst@lostspace=\dimen345
\lst@width=\dimen346
\lst@newlines=\count486
\lst@lineno=\count487
\lst@maxwidth=\dimen347

(C:\Users\DELL\AppData\Local\Programs\MiKTeX\tex/latex/listings\lstmisc.sty
File: lstmisc.sty 2023/02/27 1.9 (Carsten Heinz)
\c@lstnumber=\count488
\lst@skipnumbers=\count489
\lst@framebox=\box76
)
(C:\Users\DELL\AppData\Local\Programs\MiKTeX\tex/latex/listings\listings.cfg
File: listings.cfg 2023/02/27 1.9 listings configuration
))
Package: listings 2023/02/27 1.9 (Carsten Heinz)
) (preambule/algo-style.tex
(C:\Users\DELL\AppData\Local\Programs\MiKTeX\tex/latex/algorithm2e\algorithm2e.
sty
Package: algorithm2e 2017/07/18 v5.2 algorithms environments
\c@AlgoLine=\count490
\algocf@hangindent=\skip104

(C:\Users\DELL\AppData\Local\Programs\MiKTeX\tex/latex/ifoddpage\ifoddpage.sty
Package: ifoddpage 2022/10/18 v1.2 Conditionals for odd/even page detection
\c@checkoddpage=\count491
) (C:\Users\DELL\AppData\Local\Programs\MiKTeX\tex/latex/tools\xspace.sty
Package: xspace 2014/10/28 v1.13 Space after command names (DPC,MH)
)
(C:\Users\DELL\AppData\Local\Programs\MiKTeX\tex/latex/relsize\relsize.sty
Package: relsize 2013/03/29 ver 4.1
)
\skiptotal=\skip105
\skiplinenumber=\skip106
\skiprule=\skip107
\skiphlne=\skip108
\skiptext=\skip109
\skiplength=\skip110
\algomargin=\skip111
\skipalgocfslide=\skip112
\algowidth=\dimen348
\inoutsize=\dimen349
\inoutindent=\dimen350
\interspacetitleruled=\dimen351
\interspacealgoruled=\dimen352
\interspacetitleboxruled=\dimen353
\algocf@ruledwidth=\skip113
\algocf@inoutbox=\box77
\algocf@inputbox=\box78
\AlCapSkip=\skip114
\AlCapHSkip=\skip115
\algoskipindent=\skip116
\algocf@nlbox=\box79
\algocf@hangingbox=\box80
\algocf@untilbox=\box81
\algocf@skipuntil=\skip117
\algocf@capbox=\box82
\algocf@lcaptionbox=\skip118
\algoheightruledefault=\skip119
\algoheightrule=\skip120
\algotitleheightruledefault=\skip121
\algotitleheightrule=\skip122
\c@algocfline=\count492
\c@algocfproc=\count493
\c@algocf=\count494
\algocf@algoframe=\box83
\algocf@algobox=\box84
)

! LaTeX Error: Command \ForEach already defined.
               Or name \end... illegal, see p.192 of the manual.

See the LaTeX manual or LaTeX Companion for explanation.
Type  H <return>  for immediate help.
 ...                                              
                                                  
l.25 \newcommand{\ForEach}{\ForEachNoPar}
                                         
? 

! LaTeX Error: Command \Indp already defined.
               Or name \end... illegal, see p.192 of the manual.

See the LaTeX manual or LaTeX Companion for explanation.
Type  H <return>  for immediate help.
 ...                                              
                                                  
l.26 \newcommand{\Indp}{\Indp}
                              
? 

! LaTeX Error: Command \Indm already defined.
               Or name \end... illegal, see p.192 of the manual.

See the LaTeX manual or LaTeX Companion for explanation.
Type  H <return>  for immediate help.
 ...                                              
                                                  
l.27 \newcommand{\Indm}{\Indm}
                              
? 
) (C:\Users\DELL\AppData\Local\Programs\MiKTeX\tex/latex/arabtex\arabtex.sty
(C:\Users\DELL\AppData\Local\Programs\MiKTeX\tex/latex/arabtex\aconfig.sty
LaTeX2e detected 
BABEL detected
\a@moduledate=\count495
\a@maindate=\count496
)
Package: arabtex 2003/08/22  3.11 ArabTeX main module

(C:\Users\DELL\AppData\Local\Programs\MiKTeX\tex/latex/arabtex\arabaux.sty
Package: arabaux 2003/05/21  3.11 auxiliary macros for ArabTeX
)
(C:\Users\DELL\AppData\Local\Programs\MiKTeX\tex/latex/arabtex\acmd.sty
Package: acmd 2003/08/20  3.11 Arabic command processing 
)
(C:\Users\DELL\AppData\Local\Programs\MiKTeX\tex/latex/arabtex\afonts.sty
Package: afonts 1995/11/16  3.04 define Naskh font 

(C:\Users\DELL\AppData\Local\Programs\MiKTeX\tex/latex/arabtex\afonts2.sty
Package: afonts2 1998/10/19  3.10 define Naskh fonts for LaTeX2e
))
(C:\Users\DELL\AppData\Local\Programs\MiKTeX\tex/latex/arabtex\ascan.sty
Package: ascan 2003/08/22  3.11 standard ZDMG input encoding 

(ArabTeX) scanner for code `arabtex' installed.
(ArabTeX) input encoding set to ArabTeX standard conventions.)
(C:\Users\DELL\AppData\Local\Programs\MiKTeX\tex/latex/arabtex\aparse.sty
Package: aparse 2003/05/26  3.11 get syllables 
)
(C:\Users\DELL\AppData\Local\Programs\MiKTeX\tex/latex/arabtex\awrite.sty
Package: awrite 2003/06/05  3.11 build output word 

(C:\Users\DELL\AppData\Local\Programs\MiKTeX\tex/latex/arabtex\xarbsymb.sty
Package: xarbsymb 1998/07/15  3.07 symbolic output encoding 
)
(C:\Users\DELL\AppData\Local\Programs\MiKTeX\tex/latex/arabtex\arabskel.sty
Package: arabskel 2000/06/04  3.10 character skeleton definitions 
)
(C:\Users\DELL\AppData\Local\Programs\MiKTeX\tex/latex/arabtex\xarbskel.sty
Package: xarbskel 1999/07/17  3.09 character skeleton definitions 
)
(C:\Users\DELL\AppData\Local\Programs\MiKTeX\tex/latex/arabtex\aboxes.sty
Package: aboxes 2003/05/28  3.11 build output boxes
)
(C:\Users\DELL\AppData\Local\Programs\MiKTeX\tex/latex/arabtex\arabtoks.sty
Package: arabtoks 1999/07/17  3.09 ArabTeX CS token definitions 
)
(C:\Users\DELL\AppData\Local\Programs\MiKTeX\tex/latex/arabtex\arabchrs.sty
Package: arabchrs 1998/07/11  3.07 letter token definitions 
))
(C:\Users\DELL\AppData\Local\Programs\MiKTeX\tex/latex/arabtex\aligs.sty
Package: aligs 2003/05/26  3.11 compute ligatures
)
(C:\Users\DELL\AppData\Local\Programs\MiKTeX\tex/latex/arabtex\aoutput.sty
Package: aoutput 2000/06/04  3.10 build output lines
)
(C:\Users\DELL\AppData\Local\Programs\MiKTeX\tex/latex/arabtex\abidir.sty
Package: abidir 2003/08/22  3.11 bidirectional linebreaking
)
(C:\Users\DELL\AppData\Local\Programs\MiKTeX\tex/latex/arabtex\atrans.sty
Package: atrans 2003/06/14  3.11 generate the transliteration 

(ArabTeX) ZDMG transliteration.)
(C:\Users\DELL\AppData\Local\Programs\MiKTeX\tex/latex/arabtex\alatex.sty
Package: alatex 2003/05/04  3.11 ArabTeX extensions for LaTeX 

(C:\Users\DELL\AppData\Local\Programs\MiKTeX\tex/latex/arabtex\afoot.sty
Package: afoot 2003/05/12  3.11 ArabTeX footnotes
))
(C:\Users\DELL\AppData\Local\Programs\MiKTeX\tex/latex/arabtex\abjad.sty
Package: abjad 2003/04/26  3.11 abjad numerals 
)
(C:\Users\DELL\AppData\Local\Programs\MiKTeX\tex/latex/arabtex\apatch.sty
(C:\Users\DELL\AppData\Local\Programs\MiKTeX\tex/latex/arabtex\alists.sty
Package: alists 2003/04/26  3.11 inverted list macros
)
(C:\Users\DELL\AppData\Local\Programs\MiKTeX\tex/latex/arabtex\asect.sty
Package: asect 2003/04/26  3.11 section macros for Arabic
)
(C:\Users\DELL\AppData\Local\Programs\MiKTeX\tex/latex/arabtex\atabg.sty
Package: atabg 1997/01/21  3.05 LaTeX tabbing macros for Arabic
)
(C:\Users\DELL\AppData\Local\Programs\MiKTeX\tex/latex/arabtex\alocal.sty
(ArabTeX) 3.11 local stub, 26.02.2006)
Package: apatch 2006/07/02  3.11s last minute patches 
)
Arabic processor `ArabTeX' [20060702 patch level 3.11s (02.07.2006)]
(ArabTeX) ... now be patient ... )
(C:\Users\DELL\AppData\Local\Programs\MiKTeX\tex/latex/arabtex\utf8.sty
(C:\Users\DELL\AppData\Local\Programs\MiKTeX\tex/latex/arabtex\utfcode.sty
Package: utfcode 2002/03/07  3.10a Arabic+Hebrew segment of UTF-8
\u@lb=\count526
\u@lq=\count527
)
Package: utf8 2000/06/13  3.10 UTF-8 input encoding 

(ArabTeX) scanner for code UTF-8 installed.)
(ArabTeX) input encoding set to UTF-8 conventions
(C:\Users\DELL\AppData\Local\Programs\MiKTeX\tex/latex/tools\afterpage.sty
Package: afterpage 2023/07/04 v1.08 After-Page Package (DPC)
\AP@output=\toks76
\AP@partial=\box100
\AP@footins=\box101
)
(C:\Users\DELL\AppData\Local\Programs\MiKTeX\tex/latex/float\float.sty
Package: float 2001/11/08 v1.3d Float enhancements (AL)
\c@float@type=\count528
\float@exts=\toks77
\float@box=\box102
\@float@everytoks=\toks78
\@floatcapt=\box103
)
(C:\Users\DELL\AppData\Local\Programs\MiKTeX\tex/latex/caption\subcaption.sty
Package: subcaption 2023/07/28 v1.6b Sub-captions (AR)
Package caption Info: New subtype `subfigure' on input line 238.
\c@subfigure=\count529
Package caption Info: New subtype `subtable' on input line 238.
\c@subtable=\count530
)
(C:\Users\DELL\AppData\Local\Programs\MiKTeX\tex/latex/pdflscape\pdflscape.sty
Package: pdflscape 2022-10-27 v0.13 Display of landscape pages in PDF

(C:\Users\DELL\AppData\Local\Programs\MiKTeX\tex/latex/pdflscape\pdflscape-nome
tadata.sty
Package: pdflscape-nometadata 2022-10-28 v0.13 Display of landscape pages in PD
F (HO)

(C:\Users\DELL\AppData\Local\Programs\MiKTeX\tex/latex/graphics\lscape.sty
Package: lscape 2020/05/28 v3.02 Landscape Pages (DPC)
)
Package pdflscape Info: Auto-detected driver: pdftex on input line 81.
))
(C:\Users\DELL\AppData\Local\Programs\MiKTeX\tex/latex/parskip\parskip.sty
Package: parskip 2021-03-14 v2.0h non-zero parskip adjustments
)
(C:\Users\DELL\AppData\Local\Programs\MiKTeX\tex/latex/stmaryrd\stmaryrd.sty
Package: stmaryrd 1994/03/03 St Mary's Road symbol package
\symstmry=\mathgroup6
LaTeX Font Info:    Overwriting symbol font `stmry' in version `bold'
(Font)                  U/stmry/m/n --> U/stmry/b/n on input line 89.
)
(C:\Users\DELL\AppData\Local\Programs\MiKTeX\tex/latex/bookmark\bookmark.sty
Package: bookmark 2023-12-10 v1.31 PDF bookmarks (HO)

(C:\Users\DELL\AppData\Local\Programs\MiKTeX\tex/latex/bookmark\bkm-pdftex.def
File: bkm-pdftex.def 2023-12-10 v1.31 bookmark driver for pdfTeX and luaTeX (HO
)
\BKM@id=\count531
)) (C:\Users\DELL\AppData\Local\Programs\MiKTeX\tex/latex/booktabs\booktabs.sty
Package: booktabs 2020/01/12 v1.61803398 Publication quality tables
\heavyrulewidth=\dimen376
\lightrulewidth=\dimen377
\cmidrulewidth=\dimen378
\belowrulesep=\dimen379
\belowbottomsep=\dimen380
\aboverulesep=\dimen381
\abovetopsep=\dimen382
\cmidrulesep=\dimen383
\cmidrulekern=\dimen384
\defaultaddspace=\dimen385
\@cmidla=\count532
\@cmidlb=\count533
\@aboverulesep=\dimen386
\@belowrulesep=\dimen387
\@thisruleclass=\count534
\@lastruleclass=\count535
\@thisrulewidth=\dimen388
)
(C:\Users\DELL\AppData\Local\Programs\MiKTeX\tex/latex/stackengine\stackengine.
sty
Package: stackengine 2021/07/22 v4.11\ Stacking text and objects in convenient 
ways

(C:\Users\DELL\AppData\Local\Programs\MiKTeX\tex/latex/listofitems\listofitems.
sty
(C:\Users\DELL\AppData\Local\Programs\MiKTeX\tex/generic/listofitems\listofitem
s.tex
\loi_cnt_foreach_nest=\count536
\loi_nestcnt=\count537
)
Package: listofitems 2024/03/09 v1.65 Grab items in lists using user-specified 
sep char (CT)
) (C:\Users\DELL\AppData\Local\Programs\MiKTeX\tex/latex/tools\calc.sty
Package: calc 2023/07/08 v4.3 Infix arithmetic (KKT,FJ)
\calc@Acount=\count538
\calc@Bcount=\count539
\calc@Adimen=\dimen389
\calc@Bdimen=\dimen390
\calc@Askip=\skip125
\calc@Bskip=\skip126
LaTeX Info: Redefining \setlength on input line 80.
LaTeX Info: Redefining \addtolength on input line 81.
\calc@Ccount=\count540
\calc@Cskip=\skip127
)
\c@@stackindex=\count541
\@boxshift=\skip128
\stack@tmplength=\skip129
\temp@stkl=\skip130
\@stackedboxwidth=\skip131
\@addedbox=\box104
\@anchorbox=\box105
\@insetbox=\box106
\se@backgroundbox=\box107
\stackedbox=\box108
\@centerbox=\box109
\c@ROWcellindex@=\count542
) (C:\Users\DELL\AppData\Local\Programs\MiKTeX\tex/latex/adjustbox\adjustbox.st
y
Package: adjustbox 2025/02/26 v1.3c Adjusting TeX boxes (trim, clip, ...)
(C:\Users\DELL\AppData\Local\Programs\MiKTeX\tex/latex/xkeyval\xkeyval.sty
Package: xkeyval 2022/06/16 v2.9 package option processing (HA)

(C:\Users\DELL\AppData\Local\Programs\MiKTeX\tex/generic/xkeyval\xkeyval.tex
(C:\Users\DELL\AppData\Local\Programs\MiKTeX\tex/generic/xkeyval\xkvutils.tex
\XKV@toks=\toks79
\XKV@tempa@toks=\toks80
)
\XKV@depth=\count543
File: xkeyval.tex 2014/12/03 v2.7a key=value parser (HA)
)) (C:\Users\DELL\AppData\Local\Programs\MiKTeX\tex/latex/adjustbox\adjcalc.sty
Package: adjcalc 2012/05/16 v1.1 Provides advanced setlength with multiple back
-ends (calc, etex, pgfmath)
) (C:\Users\DELL\AppData\Local\Programs\MiKTeX\tex/latex/adjustbox\trimclip.sty
Package: trimclip 2025/02/21 v1.2a Trim and clip general TeX material

(C:\Users\DELL\AppData\Local\Programs\MiKTeX\tex/latex/collectbox\collectbox.st
y
Package: collectbox 2022/10/17 v0.4c Collect macro arguments as boxes
\collectedbox=\box110
)
\tc@llx=\dimen391
\tc@lly=\dimen392
\tc@urx=\dimen393
\tc@ury=\dimen394
Package trimclip Info: Using driver 'tc-pdftex.def'.

(C:\Users\DELL\AppData\Local\Programs\MiKTeX\tex/latex/adjustbox\tc-pdftex.def
File: tc-pdftex.def 2025/02/26 v2.3 Clipping driver for pdftex
))
\adjbox@Width=\dimen395
\adjbox@Height=\dimen396
\adjbox@Depth=\dimen397
\adjbox@Totalheight=\dimen398
\adjbox@pwidth=\dimen399
\adjbox@pheight=\dimen400
\adjbox@pdepth=\dimen401
\adjbox@ptotalheight=\dimen402
 (C:\Users\DELL\AppData\Local\Programs\MiKTeX\tex/latex/varwidth\varwidth.sty
Package: varwidth 2009/03/30 ver 0.92;  Variable-width minipages
\@vwid@box=\box111
\sift@deathcycles=\count544
\@vwid@loff=\dimen403
\@vwid@roff=\dimen404
)) (C:\Users\DELL\AppData\Local\Programs\MiKTeX\tex/latex/mdwtools\footnote.sty
Package: footnote 1997/01/28 1.13 Save footnotes around boxes
\fn@notes=\box112
\fn@width=\dimen405
) (C:\Users\DELL\AppData\Local\Programs\MiKTeX\tex/latex/multirow\multirow.sty
Package: multirow 2024/11/12 v2.9 Span multiple rows of a table
\multirow@colwidth=\skip132
\multirow@cntb=\count545
\multirow@dima=\skip133
\bigstrutjot=\dimen406
)
(C:\Users\DELL\AppData\Local\Programs\MiKTeX\tex/latex/makecell\makecell.sty
Package: makecell 2009/08/03 V0.1e Managing of Tab Column Heads and Cells
\rotheadsize=\dimen407
\c@nlinenum=\count546
\TeXr@lab=\toks81
)
(C:\Users\DELL\AppData\Local\Programs\MiKTeX\tex/latex/psnfss\mathptmx.sty
Package: mathptmx 2020/03/25 PSNFSS-v9.3 Times w/ Math, improved (SPQR, WaS) 
LaTeX Font Info:    Redeclaring symbol font `operators' on input line 28.
LaTeX Font Info:    Overwriting symbol font `operators' in version `normal'
(Font)                  OT1/cmr/m/n --> OT1/ztmcm/m/n on input line 28.
LaTeX Font Info:    Overwriting symbol font `operators' in version `bold'
(Font)                  OT1/cmr/bx/n --> OT1/ztmcm/m/n on input line 28.
LaTeX Font Info:    Redeclaring symbol font `letters' on input line 29.
LaTeX Font Info:    Overwriting symbol font `letters' in version `normal'
(Font)                  OML/cmm/m/it --> OML/ztmcm/m/it on input line 29.
LaTeX Font Info:    Overwriting symbol font `letters' in version `bold'
(Font)                  OML/cmm/b/it --> OML/ztmcm/m/it on input line 29.
LaTeX Font Info:    Redeclaring symbol font `symbols' on input line 30.
LaTeX Font Info:    Overwriting symbol font `symbols' in version `normal'
(Font)                  OMS/cmsy/m/n --> OMS/ztmcm/m/n on input line 30.
LaTeX Font Info:    Overwriting symbol font `symbols' in version `bold'
(Font)                  OMS/cmsy/b/n --> OMS/ztmcm/m/n on input line 30.
LaTeX Font Info:    Redeclaring symbol font `largesymbols' on input line 31.
LaTeX Font Info:    Overwriting symbol font `largesymbols' in version `normal'
(Font)                  OMX/cmex/m/n --> OMX/ztmcm/m/n on input line 31.
LaTeX Font Info:    Overwriting symbol font `largesymbols' in version `bold'
(Font)                  OMX/cmex/m/n --> OMX/ztmcm/m/n on input line 31.
\symbold=\mathgroup7
\symitalic=\mathgroup8
LaTeX Font Info:    Redeclaring math alphabet \mathbf on input line 34.
LaTeX Font Info:    Overwriting math alphabet `\mathbf' in version `normal'
(Font)                  OT1/cmr/bx/n --> OT1/ptm/bx/n on input line 34.
LaTeX Font Info:    Overwriting math alphabet `\mathbf' in version `bold'
(Font)                  OT1/cmr/bx/n --> OT1/ptm/bx/n on input line 34.
LaTeX Font Info:    Redeclaring math alphabet \mathit on input line 35.
LaTeX Font Info:    Overwriting math alphabet `\mathit' in version `normal'
(Font)                  OT1/cmr/m/it --> OT1/ptm/m/it on input line 35.
LaTeX Font Info:    Overwriting math alphabet `\mathit' in version `bold'
(Font)                  OT1/cmr/bx/it --> OT1/ptm/m/it on input line 35.
LaTeX Info: Redefining \hbar on input line 50.
)
(C:\Users\DELL\AppData\Local\Programs\MiKTeX\tex/latex/titlesec\titlesec.sty
Package: titlesec 2025/01/04 v2.17 Sectioning titles
\ttl@box=\box113
\beforetitleunit=\skip134
\aftertitleunit=\skip135
\ttl@plus=\dimen408
\ttl@minus=\dimen409
\ttl@toksa=\toks82
\titlewidth=\dimen410
\titlewidthlast=\dimen411
\titlewidthfirst=\dimen412
)
(preambule/theorems.tex) (preambule/notations.tex) (preambule/abbreviations.tex

(C:\Users\DELL\AppData\Local\Programs\MiKTeX\tex/latex/glossaries-extra\glossar
ies-extra.sty
Package: glossaries-extra 2025/04/12 v1.6 (NLCT)

(C:\Users\DELL\AppData\Local\Programs\MiKTeX\tex/latex/glossaries/base\glossari
es.sty
Package: glossaries 2025/04/11 v4.59 (NLCT)

(C:\Users\DELL\AppData\Local\Programs\MiKTeX\tex/latex/mfirstuc\mfirstuc.sty
Package: mfirstuc 2025/04/03 v2.09 (NLCT)
\@glsmfirst=\toks83
\@glsmrest=\toks84
)
(C:\Users\DELL\AppData\Local\Programs\MiKTeX\tex/latex/xfor\xfor.sty
Package: xfor 2009/02/05 v1.05 (NLCT)
) ()
(C:\Users\DELL\AppData\Local\Programs\MiKTeX\tex/latex/tracklang\tracklang.sty
Package: tracklang 2025/03/11 v1.6.6 (NLCT) Track Languages

(C:\Users\DELL\AppData\Local\Programs\MiKTeX\tex/generic/tracklang\tracklang.te
x)
Package tracklang Info: Tracking dialect `english' (language `english') on inpu
t line 264.
Package tracklang Info: Tracking dialect `french' (language `french') on input 
line 264.
Package tracklang Info: Tracking dialect `english' (language `english') on inpu
t line 264.
Package tracklang Info: Tracking dialect `french' (language `french') on input 
line 264.
)
(C:\Users\DELL\AppData\Local\Programs\MiKTeX\tex/latex/glossaries-english\gloss
aries-english.ldf
File: glossaries-english.ldf 2014/11/23 v1.0
)
(C:\Users\DELL\AppData\Local\Programs\MiKTeX\tex/latex/glossaries-french\glossa
ries-french.ldf
File: glossaries-french.ldf 2016/12/12 v1.1
)
(C:\Users\DELL\AppData\Local\Programs\MiKTeX\tex/latex/datatool\datatool-base.s
ty
Package: datatool-base 2025/04/03 v3.4 (NLCT)

(C:\Users\DELL\AppData\Local\Programs\MiKTeX\tex/latex/datatool\datatool-l3fp.d
ef
File: datatool-l3fp.def 2025/04/03 v3.4 (NLCT)
)
\@dtl@toks=\toks85
\@dtl@tmpcount=\count547
\dtl@tmplength=\skip136
\l__datatool_measure_box=\box114
\dtl@sortresult=\count548

(C:\Users\DELL\AppData\Local\Programs\MiKTeX\tex/latex/datatool\datatool-utf8.l
df
File: datatool-utf8.ldf 2025/04/03 v3.4 (NLCT)
)
\@dtl@datatype=\count549
\l__datatool_tmpa_int=\count550
\l__datatool_tmpb_int=\count551
\l__datatool_tmpc_int=\count552
\l__datatool_tmpd_int=\count553
\l__datatool_count_int=\count554
\l__datatool_tmp_datatype_int=\count555
\l__datatool_tmpa_dim=\dimen413
\l__datatool_tmpb_dim=\dimen414
\c_datatool_unknown_int=\count556
\l__datatool_year_int=\count557
\l__datatool_month_int=\count558
\l__datatool_day_int=\count559
\l__datatool_hour_int=\count560
\l__datatool_minute_int=\count561
\l__datatool_second_int=\count562
\l__datatool_tzhour_int=\count563
\l__datatool_tzminute_int=\count564
\l__datatool_julian_int=\count565
\l__datatool_local_julian_int=\count566
\l__datatool_prefix_int=\count567
\l__datatool_suffix_int=\count568
\@dtl@foreach@level=\count569


Package tracklang Warning: No `datatool' support for dialect `english'  on inpu
t line 9908.


Package tracklang Warning: No `datatool' support for dialect `french'  on input
 line 9908.

\dtl@codeA=\count570
\dtl@codeB=\count571
)
\gls@level=\count572
\@gls@tmpb=\toks86
\gls@tmplen=\skip137
\l__glossaries_tmpa_dim=\dimen415
\l__glossaries_tmpb_dim=\dimen416
\glskeylisttok=\toks87
\glslabeltok=\toks88
\glsshorttok=\toks89
\glslongtok=\toks90

(C:\Users\DELL\AppData\Local\Programs\MiKTeX\tex/latex/glossaries/styles\glossa
ry-hypernav.sty
Package: glossary-hypernav 2025/04/11 v4.59 (NLCT)
)
(C:\Users\DELL\AppData\Local\Programs\MiKTeX\tex/latex/glossaries/styles\glossa
ry-list.sty
Package: glossary-list 2025/04/11 v4.59 (NLCT)
\glslistdottedwidth=\skip138
)
(C:\Users\DELL\AppData\Local\Programs\MiKTeX\tex/latex/glossaries/styles\glossa
ry-long.sty
Package: glossary-long 2025/04/11 v4.59 (NLCT)

(C:\Users\DELL\AppData\Local\Programs\MiKTeX\tex/latex/tools\longtable.sty
Package: longtable 2023-11-01 v4.19 Multi-page Table package (DPC)
\LTleft=\skip139
\LTright=\skip140
\LTpre=\skip141
\LTpost=\skip142
\LTchunksize=\count573
\LTcapwidth=\dimen417
\LT@head=\box115
\LT@firsthead=\box116
\LT@foot=\box117
\LT@lastfoot=\box118
\LT@gbox=\box119
\LT@cols=\count574
\LT@rows=\count575
\c@LT@tables=\count576
\c@LT@chunks=\count577
\LT@p@ftn=\toks91
)
\glsdescwidth=\skip143
\glspagelistwidth=\skip144
)
(C:\Users\DELL\AppData\Local\Programs\MiKTeX\tex/latex/glossaries/styles\glossa
ry-super.sty
Package: glossary-super 2025/04/11 v4.59 (NLCT)

(C:\Users\DELL\AppData\Local\Programs\MiKTeX\tex/latex/supertabular\supertabula
r.sty
Package: supertabular 2024/07/20 v4.2c the supertabular environment
\c@tracingst=\count578
\ST@wd=\dimen418
\ST@rightskip=\skip145
\ST@leftskip=\skip146
\ST@parfillskip=\skip147
\ST@pageleft=\dimen419
\ST@headht=\dimen420
\ST@tailht=\dimen421
\ST@pagesofar=\dimen422
\ST@pboxht=\dimen423
\ST@rowht=\dimen424
\ST@prevht=\dimen425
\ST@toadd=\dimen426
\ST@dimen=\dimen427
\ST@pbox=\box120
))
(C:\Users\DELL\AppData\Local\Programs\MiKTeX\tex/latex/glossaries/styles\glossa
ry-tree.sty
Package: glossary-tree 2025/04/11 v4.59 (NLCT)
\l__glossaries_tree_max_known_level_int=\count579
\l__glossaries_tree_offset_dim=\dimen428
\l__glossaries_tree_namewidth_dim=\dimen429
\l__glossaries_tree_symbolwidth_dim=\dimen430
\l__glossaries_tree_prenamesym_width_dim=\dimen431
\l__glossaries_tree_presubnamesym_width_dim=\dimen432
\l__glossaries_tree_namewidth_padding_dim=\dimen433
\l__glossaries_tree_symbolwidth_padding_dim=\dimen434
\l__glossaries_tree_namesymbolwidth_dim=\dimen435
\l__glossaries_tree_namesymbolwidth_padding_dim=\dimen436
\l__glossaries_tree_level_int=\count580
\glstreeindent=\skip148
))
\@glsxtr@leveloffset=\count581
\glsxtrresourcecount=\count582
\@glsxtrnewgls@inner=\count583
\glsshortpltok=\toks92
\glslongpltok=\toks93

(C:\Users\DELL\AppData\Local\Programs\MiKTeX\tex/latex/glossaries-extra\glossar
ies-extra-abbrstyles.def
File: glossaries-extra-abbrstyles.def 2025/04/12 v1.6 (NLCT)
)
\mglselementindex=\count584
)
runsystem(makeindex -s main.ist -t main.glg -o main.gls main.glo)...executed sa
fely (allowed).

runsystem(makeindex -s main.ist -t main.glg-abr -o main.gls-abr main.glo-abr)..
.executed safely (allowed).

\glswrite=\write8
\glo@main@file=\write9
\openout9 = `main.glo'.

Package glossaries Info: Writing glossary file main.glo on input line 9.
\glo@abbreviations@file=\write10
\openout10 = `main.glo-abr'.

Package glossaries Info: Writing glossary file main.glo-abr on input line 9.
))
Package csquotes Info: Checking for multilingual support...
Package csquotes Info: ... found 'babel' package.
Package csquotes Info: Adjusting default style.
Package csquotes Info: Redefining alias 'default' -> 'english'.
LaTeX Font Info:    Trying to load font information for T1+ptm on input line 9.


(C:\Users\DELL\AppData\Local\Programs\MiKTeX\tex/latex/psnfss\t1ptm.fd
File: t1ptm.fd 2001/06/04 font definitions for T1/ptm.
)
(main.aux (titlepage.aux) (acknowledgement.aux) (dedication.aux)
(dedicationz.aux) (abstract.aux) (introduction.aux)
(chapters/chapter1/chapter1.aux) (chapters/chapter13/chapter13.aux)
(chapters/chapter44/chapter44.aux) (chapters/chapter56/chapter56.aux)
(appendices/annexeA.aux) (appendices/annexeC.aux) (appendices/annexeD.aux))
\openout1 = `main.aux'.

LaTeX Font Info:    Checking defaults for OML/cmm/m/it on input line 9.
LaTeX Font Info:    ... okay on input line 9.
LaTeX Font Info:    Checking defaults for OMS/cmsy/m/n on input line 9.
LaTeX Font Info:    ... okay on input line 9.
LaTeX Font Info:    Checking defaults for OT1/cmr/m/n on input line 9.
LaTeX Font Info:    ... okay on input line 9.
LaTeX Font Info:    Checking defaults for T1/cmr/m/n on input line 9.
LaTeX Font Info:    ... okay on input line 9.
LaTeX Font Info:    Checking defaults for TS1/cmr/m/n on input line 9.
LaTeX Font Info:    ... okay on input line 9.
LaTeX Font Info:    Checking defaults for OMX/cmex/m/n on input line 9.
LaTeX Font Info:    ... okay on input line 9.
LaTeX Font Info:    Checking defaults for U/cmr/m/n on input line 9.
LaTeX Font Info:    ... okay on input line 9.
LaTeX Font Info:    Checking defaults for LAE/cmr/m/n on input line 9.
LaTeX Font Info:    ... okay on input line 9.
LaTeX Font Info:    Checking defaults for PD1/pdf/m/n on input line 9.
LaTeX Font Info:    ... okay on input line 9.
LaTeX Font Info:    Checking defaults for PU/pdf/m/n on input line 9.
LaTeX Font Info:    ... okay on input line 9.
LaTeX Info: Redefining \degres on input line 9.
LaTeX Info: Redefining \up on input line 9.

ArabTeX is aleready loaded,  No support is provided
with ArabTeX 7 bit input encoding
(C:\Users\DELL\AppData\Local\Programs\MiKTeX\tex/context/base/mkii\supp-pdf.mki
i
[Loading MPS to PDF converter (version 2006.09.02).]
\scratchcounter=\count585
\scratchdimen=\dimen437
\scratchbox=\box121
\nofMPsegments=\count586
\nofMParguments=\count587
\everyMPshowfont=\toks94
\MPscratchCnt=\count588
\MPscratchDim=\dimen438
\MPnumerator=\count589
\makeMPintoPDFobject=\count590
\everyMPtoPDFconversion=\toks95
)
(C:\Users\DELL\AppData\Local\Programs\MiKTeX\tex/latex/epstopdf-pkg\epstopdf-ba
se.sty
Package: epstopdf-base 2020-01-24 v2.11 Base part for package epstopdf
Package epstopdf-base Info: Redefining graphics rule for `.eps' on input line 4
85.

(C:\Users\DELL\AppData\Local\Programs\MiKTeX\tex/latex/00miktex\epstopdf-sys.cf
g
File: epstopdf-sys.cfg 2021/03/18 v2.0 Configuration of epstopdf for MiKTeX
))
Package hyperref Info: Link coloring ON on input line 9.

*geometry* driver: auto-detecting
*geometry* detected driver: pdftex
*geometry* verbose mode - [ preamble ] result:
* driver: pdftex
* paper: a4paper
* layout: <same size as paper>
* layoutoffset:(h,v)=(0.0pt,0.0pt)
* modes: 
* h-part:(L,W,R)=(71.13188pt, 455.24411pt, 71.13188pt)
* v-part:(T,H,B)=(71.13188pt, 702.78308pt, 71.13188pt)
* \paperwidth=597.50787pt
* \paperheight=845.04684pt
* \textwidth=455.24411pt
* \textheight=702.78308pt
* \oddsidemargin=-1.1381pt
* \evensidemargin=-1.1381pt
* \topmargin=-38.1381pt
* \headheight=12.0pt
* \headsep=25.0pt
* \topskip=12.0pt
* \footskip=30.0pt
* \marginparwidth=35.0pt
* \marginparsep=10.0pt
* \columnsep=10.0pt
* \skip\footins=10.8pt plus 4.0pt minus 2.0pt
* \hoffset=0.0pt
* \voffset=0.0pt
* \mag=1000
* \@twocolumnfalse
* \@twosidefalse
* \@mparswitchfalse
* \@reversemarginfalse
* (1in=72.27pt=25.4mm, 1cm=28.453pt)

Package biblatex Info: Trying to load language 'english' -> 'english-apa'...
Package biblatex Info: ... file 'english-apa.lbx' found.

(C:\Users\DELL\AppData\Local\Programs\MiKTeX\tex/latex/biblatex-apa\english-apa
.lbx
File: english-apa.lbx 2023/03/20 v9.17 APA biblatex localisation
Package biblatex Info: Trying to load language 'english'...
Package biblatex Info: ... file 'english.lbx' found.

(C:\Users\DELL\AppData\Local\Programs\MiKTeX\tex/latex/biblatex/lbx\english.lbx
File: english.lbx 2023/03/05 v3.19 biblatex localization (PK/MW)
)
Package biblatex Info: Trying to load language 'american' -> 'american-apa'...
Package biblatex Info: ... file 'american-apa.lbx' found.

(C:\Users\DELL\AppData\Local\Programs\MiKTeX\tex/latex/biblatex-apa\american-ap
a.lbx
File: american-apa.lbx 2023/03/20 v9.17 APA biblatex localisation
Package biblatex Info: Trying to load language 'american'...
Package biblatex Info: ... file 'american.lbx' found.

(C:\Users\DELL\AppData\Local\Programs\MiKTeX\tex/latex/biblatex/lbx\american.lb
x
File: american.lbx 2023/03/05 v3.19 biblatex localization (PK/MW)
Package biblatex Info: Trying to load language 'english'...
Package biblatex Info: ... file 'english.lbx' found.

(C:\Users\DELL\AppData\Local\Programs\MiKTeX\tex/latex/biblatex/lbx\english.lbx
File: english.lbx 2023/03/05 v3.19 biblatex localization (PK/MW)
))))
Package biblatex Info: Trying to load language 'french' -> 'french-apa'...
Package biblatex Info: ... file 'french-apa.lbx' found.

(C:\Users\DELL\AppData\Local\Programs\MiKTeX\tex/latex/biblatex-apa\french-apa.
lbx
File: french-apa.lbx 2023/03/20 v9.17 APA biblatex localisation
Package biblatex Info: Trying to load language 'french'...
Package biblatex Info: ... file 'french.lbx' found.

(C:\Users\DELL\AppData\Local\Programs\MiKTeX\tex/latex/biblatex/lbx\french.lbx
File: french.lbx 2023/03/05 v3.19 biblatex localization (PK/MW)
)
Package biblatex Info: Trying to load language 'french'...
Package biblatex Info: ... file 'french.lbx' found.
(C:\Users\DELL\AppData\Local\Programs\MiKTeX\tex/latex/biblatex/lbx\french.lbx
File: french.lbx 2023/03/05 v3.19 biblatex localization (PK/MW)
))
Package biblatex Info: Input encoding 'utf8' detected.
Package biblatex Info: Automatic encoding selection.
(biblatex)             Assuming data encoding 'utf8'.
\openout5 = `main.bcf'.

Package biblatex Info: Trying to load bibliographic data...
Package biblatex Info: ... file 'main.bbl' found.
 (main.bbl)
Package biblatex Info: Reference section=0 on input line 9.
Package biblatex Info: Reference segment=0 on input line 9.
Package caption Info: Begin \AtBeginDocument code.
Package caption Info: float package is loaded.
Package caption Info: listings package is loaded.
Package caption Info: longtable package is loaded.

(C:\Users\DELL\AppData\Local\Programs\MiKTeX\tex/latex/caption\ltcaption.sty
Package: ltcaption 2021/01/08 v1.4c longtable captions (AR)
)
Package caption Info: supertabular package is loaded.
Package caption Info: End \AtBeginDocument code.
\c@lstlisting=\count591

(C:\Users\DELL\AppData\Local\Programs\MiKTeX\tex/latex/arabtex\apatch.sty
\a@lines=\count592
\a@Lwidth=\dimen439
\a@displaywidth=\dimen440

(C:\Users\DELL\AppData\Local\Programs\MiKTeX\tex/latex/arabtex\alocal.sty
(ArabTeX) 3.11 local stub, 26.02.2006)
(ArabTeX) version 3.11s (02.07.2006): second phase of patching)
\openout2 = `titlepage.aux'.

 (titlepage.tex)
*geometry* verbose mode - [ newgeometry ] result:
* driver: pdftex
* paper: a4paper
* layout: <same size as paper>
* layoutoffset:(h,v)=(0.0pt,0.0pt)
* modes: 
* h-part:(L,W,R)=(72.26999pt, 452.9679pt, 72.26999pt)
* v-part:(T,H,B)=(43.36243pt, 758.32199pt, 43.36243pt)
* \paperwidth=597.50787pt
* \paperheight=845.04684pt
* \textwidth=452.9679pt
* \textheight=758.32199pt
* \oddsidemargin=0.0pt
* \evensidemargin=0.0pt
* \topmargin=-65.90756pt
* \headheight=12.0pt
* \headsep=25.0pt
* \topskip=12.0pt
* \footskip=30.0pt
* \marginparwidth=35.0pt
* \marginparsep=10.0pt
* \columnsep=10.0pt
* \skip\footins=10.8pt plus 4.0pt minus 2.0pt
* \hoffset=0.0pt
* \voffset=0.0pt
* \mag=1000
* \@twocolumnfalse
* \@twosidefalse
* \@mparswitchfalse
* \@reversemarginfalse
* (1in=72.27pt=25.4mm, 1cm=28.453pt)

LaTeX Font Info:    Trying to load font information for U+xnsh on input line 15
.
(C:\Users\DELL\AppData\Local\Programs\MiKTeX\tex/latex/arabtex\uxnsh.fd
File: uxnsh.fd  1999/10/19 v3.10 ArabTeX Naskh extd. font definitions
)
LaTeX Font Info:    Font shape `U/xnsh/m/n' will be
(Font)              scaled to size 17.28003pt on input line 15.
<assets/images/esi_logo.png, id=6, 683.05188pt x 284.56313pt>
File: assets/images/esi_logo.png Graphic file (type png)
<use assets/images/esi_logo.png>
Package pdftex.def Info: assets/images/esi_logo.png  used on input line 15.
(pdftex.def)             Requested size: 139.41832pt x 58.07962pt.
LaTeX Font Info:    Trying to load font information for OT1+ztmcm on input line
 15.

(C:\Users\DELL\AppData\Local\Programs\MiKTeX\tex/latex/psnfss\ot1ztmcm.fd
File: ot1ztmcm.fd 2000/01/03 Fontinst v1.801 font definitions for OT1/ztmcm.
)
LaTeX Font Info:    Trying to load font information for OML+ztmcm on input line
 15.

(C:\Users\DELL\AppData\Local\Programs\MiKTeX\tex/latex/psnfss\omlztmcm.fd
File: omlztmcm.fd 2000/01/03 Fontinst v1.801 font definitions for OML/ztmcm.
)
LaTeX Font Info:    Trying to load font information for OMS+ztmcm on input line
 15.

(C:\Users\DELL\AppData\Local\Programs\MiKTeX\tex/latex/psnfss\omsztmcm.fd
File: omsztmcm.fd 2000/01/03 Fontinst v1.801 font definitions for OMS/ztmcm.
)
LaTeX Font Info:    Trying to load font information for OMX+ztmcm on input line
 15.

(C:\Users\DELL\AppData\Local\Programs\MiKTeX\tex/latex/psnfss\omxztmcm.fd
File: omxztmcm.fd 2000/01/03 Fontinst v1.801 font definitions for OMX/ztmcm.
)
LaTeX Font Info:    Trying to load font information for U+stmry on input line 1
5.

(C:\Users\DELL\AppData\Local\Programs\MiKTeX\tex/latex/stmaryrd\ustmry.fd)
LaTeX Font Info:    Trying to load font information for OT1+ptm on input line 1
5.

(C:\Users\DELL\AppData\Local\Programs\MiKTeX\tex/latex/psnfss\ot1ptm.fd
File: ot1ptm.fd 2001/06/04 font definitions for OT1/ptm.
)
LaTeX Font Info:    Font shape `OT1/ptm/bx/n' in size <12> not available
(Font)              Font shape `OT1/ptm/b/n' tried instead on input line 15.
LaTeX Font Info:    Font shape `OT1/ptm/bx/n' in size <9> not available
(Font)              Font shape `OT1/ptm/b/n' tried instead on input line 15.
LaTeX Font Info:    Font shape `OT1/ptm/bx/n' in size <7> not available
(Font)              Font shape `OT1/ptm/b/n' tried instead on input line 15.
LaTeX Font Info:    Trying to load font information for T1+cmtt on input line 1
5.

(C:\Users\DELL\AppData\Local\Programs\MiKTeX\tex/latex/base\t1cmtt.fd
File: t1cmtt.fd 2023/04/13 v2.5m Standard LaTeX font definitions
) [1

\openout8 = `main.ist'.




{C:/Users/DELL/AppData/Local/MiKTeX/fonts/map/pdftex/pdftex.map}{C:/Users/DELL/
AppData/Local/Programs/MiKTeX/fonts/enc/dvips/base/8r.enc} <./assets/images/esi
_logo.png>]
\openout2 = `acknowledgement.aux'.

 (acknowledgement.tex)
pdfTeX warning (ext4): destination with the same identifier (name{page.}) has b
een already used, duplicate ignored
<to be read again> 
                   \relax 
l.18 \include{acknowledgement}
                               [1





]
\openout2 = `dedication.aux'.

 (dedication.tex
LaTeX Font Info:    Trying to load font information for LAE+ptm on input line 3
.
LaTeX Font Info:    No file LAEptm.fd. on input line 3.


LaTeX Font Warning: Font shape `LAE/ptm/b/n' undefined
(Font)              using `LAE/cmr/m/n' instead on input line 3.

LaTeX Font Info:    Font shape `LAE/cmr/m/n' will be
(Font)              scaled to size 31.1pt on input line 3.

Package hyperref Warning: Token not allowed in a PDF string (Unicode):
(hyperref)                removing `\beginR' on input line 5.


Package hyperref Warning: Token not allowed in a PDF string (Unicode):
(hyperref)                removing `\endR' on input line 5.

! Illegal arabic command: :.
\a@cmderr ...age {Illegal arabic command: \nxp #1}
                                                  \a@@cmd = {{\a@puttt #1\ar...
l.35 لإخوتي، أحبتي، وسندي:
                                            
? 
\openout6 = `main.err'.

(main.err)
! Illegal arabic command: :.
\a@cmderr ...age {Illegal arabic command: \nxp #1}
                                                  \a@@cmd = {{\a@puttt #1\ar...
l.44 ...اتي وقفن بجانبي دائمًا:
                                                  
? 
\openout6 = `main.err'.

(main.err))
pdfTeX warning (ext4): destination with the same identifier (name{page.}) has b
een already used, duplicate ignored
<to be read again> 
                   \relax 
l.20 \include{dedication}
                          [2





{C:/Users/DELL/AppData/Local/Programs/MiKTeX/fonts/enc/dvips/arabi/ararabeyes.e
nc}]
\openout2 = `dedicationz.aux'.

 (dedicationz.tex)

Package fancyhdr Warning: \headheight is too small (12.0pt): 
(fancyhdr)                Make it at least 14.49998pt, for example:
(fancyhdr)                \setlength{\headheight}{14.49998pt}.
(fancyhdr)                You might also make \topmargin smaller:
(fancyhdr)                \addtolength{\topmargin}{-2.49998pt}.


pdfTeX warning (ext4): destination with the same identifier (name{page.}) has b
een already used, duplicate ignored
<to be read again> 
                   \relax 
l.21 \include{dedicationz}
                           [3



]
\openout2 = `abstract.aux'.

 (abstract.tex [1





] [2


]
LaTeX Font Info:    Font shape `LAE/ptm/b/n' will be
(Font)              scaled to size 31.1pt on input line 67.


Package hyperref Warning: Token not allowed in a PDF string (Unicode):
(hyperref)                removing `\beginR' on input line 69.


Package hyperref Warning: Token not allowed in a PDF string (Unicode):
(hyperref)                removing `\endR' on input line 69.

! Illegal arabic command: :.
\a@cmderr ...age {Illegal arabic command: \nxp #1}
                                                  \a@@cmd = {{\a@puttt #1\ar...
l.80 ...تصنيف يتكون من مرحلتين:
                                                   في المرحلة ال�...

? 
\openout6 = `main.err'.

(main.err)
Overfull \hbox (4.09839pt too wide) in paragraph at lines 80--80
[]\T1/ptm/m/n/12 99,83%  
 []

LaTeX Font Info:    Font shape `U/xnsh/bx/n' will be
(Font)              scaled to size 17.28003pt on input line 91.

Overfull \hbox (2.28003pt too wide) in paragraph at lines 92--95
 [] 
 []

) [3


]
*geometry* verbose mode - [ newgeometry ] result:
* driver: pdftex
* paper: a4paper
* layout: <same size as paper>
* layoutoffset:(h,v)=(0.0pt,0.0pt)
* modes: 
* h-part:(L,W,R)=(89.62709pt, 418.25368pt, 89.6271pt)
* v-part:(T,H,B)=(101.40665pt, 658.28194pt, 85.35826pt)
* \paperwidth=597.50787pt
* \paperheight=845.04684pt
* \textwidth=418.25368pt
* \textheight=658.28194pt
* \oddsidemargin=17.3571pt
* \evensidemargin=17.3571pt
* \topmargin=-7.86334pt
* \headheight=12.0pt
* \headsep=25.0pt
* \topskip=12.0pt
* \footskip=30.0pt
* \marginparwidth=35.0pt
* \marginparsep=10.0pt
* \columnsep=10.0pt
* \skip\footins=10.8pt plus 4.0pt minus 2.0pt
* \hoffset=0.0pt
* \voffset=0.0pt
* \mag=1000
* \@twocolumnfalse
* \@twosidefalse
* \@mparswitchfalse
* \@reversemarginfalse
* (1in=72.27pt=25.4mm, 1cm=28.453pt)

 (main.toc
LaTeX Font Info:    Font shape `LAE/ptm/b/n' will be
(Font)              scaled to size 15.0pt on input line 5.
 [4





]

Package fancyhdr Warning: \headheight is too small (12.0pt): 
(fancyhdr)                Make it at least 14.49998pt, for example:
(fancyhdr)                \setlength{\headheight}{14.49998pt}.
(fancyhdr)                You might also make \topmargin smaller:
(fancyhdr)                \addtolength{\topmargin}{-2.49998pt}.

[5])
\tf@toc=\write11
\openout11 = `main.toc'.



Package fancyhdr Warning: \headheight is too small (12.0pt): 
(fancyhdr)                Make it at least 14.49998pt, for example:
(fancyhdr)                \setlength{\headheight}{14.49998pt}.
(fancyhdr)                You might also make \topmargin smaller:
(fancyhdr)                \addtolength{\topmargin}{-2.49998pt}.

[6] (main.lof
Overfull \hbox (16.87576pt too wide) in paragraph at lines 20--20
 [][] [][][]\T1/ptm/m/n/12 Main African wheat pro-duc-ers in 2022/2023 (in Mil-
lion Tonnes)(Tadamoun 
 []


Overfull \hbox (4.43112pt too wide) in paragraph at lines 22--22
 [][] [][][]\T1/ptm/m/n/12 Common fun-gal dis-eases af-fect-ing wheat crops: (1
) Leaf rust with Brown 
 []

[7

]
Overfull \hbox (11.50975pt too wide) in paragraph at lines 57--57
 [][] [][][]\T1/ptm/m/n/12 Grad-CAM Vi-su-al-iza-tion of Dif-fer-ent At-ten-tio
n Mech-a-nisms: SE, CBAM, 
 []


Package fancyhdr Warning: \headheight is too small (12.0pt): 
(fancyhdr)                Make it at least 14.49998pt, for example:
(fancyhdr)                \setlength{\headheight}{14.49998pt}.
(fancyhdr)                You might also make \topmargin smaller:
(fancyhdr)                \addtolength{\topmargin}{-2.49998pt}.

[8]
Overfull \hbox (2.1757pt too wide) in paragraph at lines 77--77
 [][] [][][]\T1/ptm/m/n/12 Screenshots of Key Or-ga-ni-za-tional and Com-mu-ni-
ca-tion Tools Used Dur- 
 []

)
\tf@lof=\write12
\openout12 = `main.lof'.



Package fancyhdr Warning: \headheight is too small (12.0pt): 
(fancyhdr)                Make it at least 14.49998pt, for example:
(fancyhdr)                \setlength{\headheight}{14.49998pt}.
(fancyhdr)                You might also make \topmargin smaller:
(fancyhdr)                \addtolength{\topmargin}{-2.49998pt}.

[9] (main.lot
Overfull \hbox (3.495pt too wide) in paragraph at lines 31--31
 [][] [][][]\T1/ptm/m/n/12 Comparative re-sults be-tween our ap-proach and two 
state-of-the-art meth- 
 []

[10

])
\tf@lot=\write13
\openout13 = `main.lot'.

 (main.gls-abr

Package fancyhdr Warning: \headheight is too small (12.0pt): 
(fancyhdr)                Make it at least 14.49998pt, for example:
(fancyhdr)                \setlength{\headheight}{14.49998pt}.
(fancyhdr)                You might also make \topmargin smaller:
(fancyhdr)                \addtolength{\topmargin}{-2.49998pt}.

[11] [12


])

Package fancyhdr Warning: \headheight is too small (12.0pt): 
(fancyhdr)                Make it at least 14.49998pt, for example:
(fancyhdr)                \setlength{\headheight}{14.49998pt}.
(fancyhdr)                You might also make \topmargin smaller:
(fancyhdr)                \addtolength{\topmargin}{-2.49998pt}.

[13]
\openout2 = `introduction.aux'.

 (introduction.tex
LaTeX Font Info:    Trying to load font information for TS1+ptm on input line 1
7.

(C:\Users\DELL\AppData\Local\Programs\MiKTeX\tex/latex/psnfss\ts1ptm.fd
File: ts1ptm.fd 2001/06/04 font definitions for TS1/ptm.
)
[1



])

Package fancyhdr Warning: \headheight is too small (12.0pt): 
(fancyhdr)                Make it at least 14.49998pt, for example:
(fancyhdr)                \setlength{\headheight}{14.49998pt}.
(fancyhdr)                You might also make \topmargin smaller:
(fancyhdr)                \addtolength{\topmargin}{-2.49998pt}.

[2]

Package hyperref Warning: Token not allowed in a PDF string (Unicode):
(hyperref)                removing `\beginL' on input line 52.


Package hyperref Warning: Token not allowed in a PDF string (Unicode):
(hyperref)                removing `\<def>-command' on input line 52.


Package hyperref Warning: Token not allowed in a PDF string (Unicode):
(hyperref)                removing `\encodingdefault' on input line 52.


Package hyperref Warning: Token not allowed in a PDF string (Unicode):
(hyperref)                removing `\endL' on input line 52.

[3



]
\openout2 = `chapters/chapter1/chapter1.aux'.

 (chapters/chapter1/chapter1.tex
Chapter 1.

Package hyperref Warning: Token not allowed in a PDF string (Unicode):
(hyperref)                removing `\beginL' on input line 1.


Package hyperref Warning: Token not allowed in a PDF string (Unicode):
(hyperref)                removing `\<def>-command' on input line 1.


Package hyperref Warning: Token not allowed in a PDF string (Unicode):
(hyperref)                removing `\encodingdefault' on input line 1.


Package hyperref Warning: Token not allowed in a PDF string (Unicode):
(hyperref)                removing `\endL' on input line 1.

[4


]
<chapters/chapter1/images/Figure01.png, id=639, 563.85657pt x 146.04562pt>
File: chapters/chapter1/images/Figure01.png Graphic file (type png)
<use chapters/chapter1/images/Figure01.png>
Package pdftex.def Info: chapters/chapter1/images/Figure01.png  used on input l
ine 27.
(pdftex.def)             Requested size: 364.19667pt x 94.33128pt.
<chapters/chapter1/images/Dnn.png, id=647, 482.0409pt x 262.3401pt>
File: chapters/chapter1/images/Dnn.png Graphic file (type png)
<use chapters/chapter1/images/Dnn.png>
Package pdftex.def Info: chapters/chapter1/images/Dnn.png  used on input line 7
1.
(pdftex.def)             Requested size: 409.71692pt x 222.98212pt.


Package fancyhdr Warning: \headheight is too small (12.0pt): 
(fancyhdr)                Make it at least 14.49998pt, for example:
(fancyhdr)                \setlength{\headheight}{14.49998pt}.
(fancyhdr)                You might also make \topmargin smaller:
(fancyhdr)                \addtolength{\topmargin}{-2.49998pt}.

[5 <./chapters/chapter1/images/Figure01.png>]

Package fancyhdr Warning: \headheight is too small (12.0pt): 
(fancyhdr)                Make it at least 14.49998pt, for example:
(fancyhdr)                \setlength{\headheight}{14.49998pt}.
(fancyhdr)                You might also make \topmargin smaller:
(fancyhdr)                \addtolength{\topmargin}{-2.49998pt}.

[6 <./chapters/chapter1/images/Dnn.png>]

Package fancyhdr Warning: \headheight is too small (12.0pt): 
(fancyhdr)                Make it at least 14.49998pt, for example:
(fancyhdr)                \setlength{\headheight}{14.49998pt}.
(fancyhdr)                You might also make \topmargin smaller:
(fancyhdr)                \addtolength{\topmargin}{-2.49998pt}.

[7]

Package fancyhdr Warning: \headheight is too small (12.0pt): 
(fancyhdr)                Make it at least 14.49998pt, for example:
(fancyhdr)                \setlength{\headheight}{14.49998pt}.
(fancyhdr)                You might also make \topmargin smaller:
(fancyhdr)                \addtolength{\topmargin}{-2.49998pt}.

[8]

Package fancyhdr Warning: \headheight is too small (12.0pt): 
(fancyhdr)                Make it at least 14.49998pt, for example:
(fancyhdr)                \setlength{\headheight}{14.49998pt}.
(fancyhdr)                You might also make \topmargin smaller:
(fancyhdr)                \addtolength{\topmargin}{-2.49998pt}.

[9]

Package hyperref Warning: Token not allowed in a PDF string (Unicode):
(hyperref)                removing `\gls' on input line 232.

<chapters/chapter1/images/CNNarchitecture.png, id=746, 969.6225pt x 450.18187pt
>
File: chapters/chapter1/images/CNNarchitecture.png Graphic file (type png)
<use chapters/chapter1/images/CNNarchitecture.png>
Package pdftex.def Info: chapters/chapter1/images/CNNarchitecture.png  used on 
input line 238.
(pdftex.def)             Requested size: 409.71692pt x 190.22913pt.

Package fancyhdr Warning: \headheight is too small (12.0pt): 
(fancyhdr)                Make it at least 14.49998pt, for example:
(fancyhdr)                \setlength{\headheight}{14.49998pt}.
(fancyhdr)                You might also make \topmargin smaller:
(fancyhdr)                \addtolength{\topmargin}{-2.49998pt}.

[10 <./chapters/chapter1/images/CNNarchitecture.png>]
<chapters/chapter1/images/Figure05.png, id=760, 331.99031pt x 273.27094pt>
File: chapters/chapter1/images/Figure05.png Graphic file (type png)
<use chapters/chapter1/images/Figure05.png>
Package pdftex.def Info: chapters/chapter1/images/Figure05.png  used on input l
ine 265.
(pdftex.def)             Requested size: 273.14923pt x 224.85083pt.


Package fancyhdr Warning: \headheight is too small (12.0pt): 
(fancyhdr)                Make it at least 14.49998pt, for example:
(fancyhdr)                \setlength{\headheight}{14.49998pt}.
(fancyhdr)                You might also make \topmargin smaller:
(fancyhdr)                \addtolength{\topmargin}{-2.49998pt}.

[11 <./chapters/chapter1/images/Figure05.png>]
<chapters/chapter1/images/Figure06.png, id=771, 399.74344pt x 244.66406pt>
File: chapters/chapter1/images/Figure06.png Graphic file (type png)
<use chapters/chapter1/images/Figure06.png>
Package pdftex.def Info: chapters/chapter1/images/Figure06.png  used on input l
ine 279.
(pdftex.def)             Requested size: 273.14923pt x 167.19067pt.


Package hyperref Warning: Token not allowed in a PDF string (Unicode):
(hyperref)                removing `\gls' on input line 300.


Package fancyhdr Warning: \headheight is too small (12.0pt): 
(fancyhdr)                Make it at least 14.49998pt, for example:
(fancyhdr)                \setlength{\headheight}{14.49998pt}.
(fancyhdr)                You might also make \topmargin smaller:
(fancyhdr)                \addtolength{\topmargin}{-2.49998pt}.

[12 <./chapters/chapter1/images/Figure06.png>]
<chapters/chapter1/images/Figure08.png, id=796, 522.45187pt x 160.34906pt>
File: chapters/chapter1/images/Figure08.png Graphic file (type png)
<use chapters/chapter1/images/Figure08.png>
Package pdftex.def Info: chapters/chapter1/images/Figure08.png  used on input l
ine 313.
(pdftex.def)             Requested size: 364.19667pt x 111.77869pt.
<chapters/chapter1/images/Figure11.png, id=803, 561.59813pt x 268.75406pt>
File: chapters/chapter1/images/Figure11.png Graphic file (type png)
<use chapters/chapter1/images/Figure11.png>
Package pdftex.def Info: chapters/chapter1/images/Figure11.png  used on input l
ine 367.
(pdftex.def)             Requested size: 364.19667pt x 174.28618pt.


Package fancyhdr Warning: \headheight is too small (12.0pt): 
(fancyhdr)                Make it at least 14.49998pt, for example:
(fancyhdr)                \setlength{\headheight}{14.49998pt}.
(fancyhdr)                You might also make \topmargin smaller:
(fancyhdr)                \addtolength{\topmargin}{-2.49998pt}.

[13 <./chapters/chapter1/images/Figure08.png>]
<chapters/chapter1/images/Figure12.png, id=817, 523.20468pt x 371.88937pt>
File: chapters/chapter1/images/Figure12.png Graphic file (type png)
<use chapters/chapter1/images/Figure12.png>
Package pdftex.def Info: chapters/chapter1/images/Figure12.png  used on input l
ine 387.
(pdftex.def)             Requested size: 364.19667pt x 258.87376pt.


Package fancyhdr Warning: \headheight is too small (12.0pt): 
(fancyhdr)                Make it at least 14.49998pt, for example:
(fancyhdr)                \setlength{\headheight}{14.49998pt}.
(fancyhdr)                You might also make \topmargin smaller:
(fancyhdr)                \addtolength{\topmargin}{-2.49998pt}.

[14 <./chapters/chapter1/images/Figure11.png>]
<chapters/chapter1/images/Figure13.png, id=830, 796.47563pt x 370.38374pt>
File: chapters/chapter1/images/Figure13.png Graphic file (type png)
<use chapters/chapter1/images/Figure13.png>
Package pdftex.def Info: chapters/chapter1/images/Figure13.png  used on input l
ine 402.
(pdftex.def)             Requested size: 364.19667pt x 169.3613pt.


Package fancyhdr Warning: \headheight is too small (12.0pt): 
(fancyhdr)                Make it at least 14.49998pt, for example:
(fancyhdr)                \setlength{\headheight}{14.49998pt}.
(fancyhdr)                You might also make \topmargin smaller:
(fancyhdr)                \addtolength{\topmargin}{-2.49998pt}.

[15 <./chapters/chapter1/images/Figure12.png>]

Package fancyhdr Warning: \headheight is too small (12.0pt): 
(fancyhdr)                Make it at least 14.49998pt, for example:
(fancyhdr)                \setlength{\headheight}{14.49998pt}.
(fancyhdr)                You might also make \topmargin smaller:
(fancyhdr)                \addtolength{\topmargin}{-2.49998pt}.

[16 <./chapters/chapter1/images/Figure13.png>]
<chapters/chapter1/images/Figure15.png, id=852, 1118.37825pt x 749.34956pt>
File: chapters/chapter1/images/Figure15.png Graphic file (type png)
<use chapters/chapter1/images/Figure15.png>
Package pdftex.def Info: chapters/chapter1/images/Figure15.png  used on input l
ine 497.
(pdftex.def)             Requested size: 455.24411pt x 305.01709pt.


Package fancyhdr Warning: \headheight is too small (12.0pt): 
(fancyhdr)                Make it at least 14.49998pt, for example:
(fancyhdr)                \setlength{\headheight}{14.49998pt}.
(fancyhdr)                You might also make \topmargin smaller:
(fancyhdr)                \addtolength{\topmargin}{-2.49998pt}.

[17 <./chapters/chapter1/images/Figure15.png>]

Package fancyhdr Warning: \headheight is too small (12.0pt): 
(fancyhdr)                Make it at least 14.49998pt, for example:
(fancyhdr)                \setlength{\headheight}{14.49998pt}.
(fancyhdr)                You might also make \topmargin smaller:
(fancyhdr)                \addtolength{\topmargin}{-2.49998pt}.

[18]

Package fancyhdr Warning: \headheight is too small (12.0pt): 
(fancyhdr)                Make it at least 14.49998pt, for example:
(fancyhdr)                \setlength{\headheight}{14.49998pt}.
(fancyhdr)                You might also make \topmargin smaller:
(fancyhdr)                \addtolength{\topmargin}{-2.49998pt}.

[19]
<chapters/chapter1/images/Figure16.png, id=886, 1080.28593pt x 545.03625pt>
File: chapters/chapter1/images/Figure16.png Graphic file (type png)
<use chapters/chapter1/images/Figure16.png>
Package pdftex.def Info: chapters/chapter1/images/Figure16.png  used on input l
ine 572.
(pdftex.def)             Requested size: 364.19667pt x 183.74635pt.
<chapters/chapter1/images/Figure17.png, id=896, 989.94844pt x 338.01282pt>
File: chapters/chapter1/images/Figure17.png Graphic file (type png)
<use chapters/chapter1/images/Figure17.png>
Package pdftex.def Info: chapters/chapter1/images/Figure17.png  used on input l
ine 588.
(pdftex.def)             Requested size: 364.19667pt x 124.35101pt.

! Missing \endcsname inserted.
<to be read again> 
                   \let 
l.593 ...inference due to \gls{abb:\gls{abb:cnn}} 
                                                  computation for each regio...

? 

! Package glossaries-extra Error: Glossary entry `abb:\gls {abb:cnn}' has not b
een defined.

See the glossaries-extra package documentation for explanation.
Type  H <return>  for immediate help.
 ...                                              
                                                  
l.593 ...inference due to \gls{abb:\gls{abb:cnn}} 
                                                  computation for each regio...

? 
! Missing \endcsname inserted.
<to be read again> 
                   \let 
l.593 ...inference due to \gls{abb:\gls{abb:cnn}} 
                                                  computation for each regio...

? 

Package fancyhdr Warning: \headheight is too small (12.0pt): 
(fancyhdr)                Make it at least 14.49998pt, for example:
(fancyhdr)                \setlength{\headheight}{14.49998pt}.
(fancyhdr)                You might also make \topmargin smaller:
(fancyhdr)                \addtolength{\topmargin}{-2.49998pt}.

[20 <./chapters/chapter1/images/Figure16.png> <./chapters/chapter1/images/Figur
e17.png>]
<chapters/chapter1/images/Figure18.png, id=914, 362.10281pt x 362.85562pt>
File: chapters/chapter1/images/Figure18.png Graphic file (type png)
<use chapters/chapter1/images/Figure18.png>
Package pdftex.def Info: chapters/chapter1/images/Figure18.png  used on input l
ine 603.
(pdftex.def)             Requested size: 273.14923pt x 273.71901pt.


Package fancyhdr Warning: \headheight is too small (12.0pt): 
(fancyhdr)                Make it at least 14.49998pt, for example:
(fancyhdr)                \setlength{\headheight}{14.49998pt}.
(fancyhdr)                You might also make \topmargin smaller:
(fancyhdr)                \addtolength{\topmargin}{-2.49998pt}.

[21 <./chapters/chapter1/images/Figure18.png>]
<chapters/chapter1/images/Figure19.png, id=927, 1067.48813pt x 472.01344pt>
File: chapters/chapter1/images/Figure19.png Graphic file (type png)
<use chapters/chapter1/images/Figure19.png>
Package pdftex.def Info: chapters/chapter1/images/Figure19.png  used on input l
ine 617.
(pdftex.def)             Requested size: 364.19667pt x 161.03702pt.
)

Package fancyhdr Warning: \headheight is too small (12.0pt): 
(fancyhdr)                Make it at least 14.49998pt, for example:
(fancyhdr)                \setlength{\headheight}{14.49998pt}.
(fancyhdr)                You might also make \topmargin smaller:
(fancyhdr)                \addtolength{\topmargin}{-2.49998pt}.

[22 <./chapters/chapter1/images/Figure19.png>]

Package fancyhdr Warning: \headheight is too small (12.0pt): 
(fancyhdr)                Make it at least 14.49998pt, for example:
(fancyhdr)                \setlength{\headheight}{14.49998pt}.
(fancyhdr)                You might also make \topmargin smaller:
(fancyhdr)                \addtolength{\topmargin}{-2.49998pt}.

[23]
\openout2 = `chapters/chapter13/chapter13.aux'.

 (chapters/chapter13/chapter13.tex
Chapter 2.

Package hyperref Warning: Token not allowed in a PDF string (Unicode):
(hyperref)                removing `\beginL' on input line 1.


Package hyperref Warning: Token not allowed in a PDF string (Unicode):
(hyperref)                removing `\<def>-command' on input line 1.


Package hyperref Warning: Token not allowed in a PDF string (Unicode):
(hyperref)                removing `\encodingdefault' on input line 1.


Package hyperref Warning: Token not allowed in a PDF string (Unicode):
(hyperref)                removing `\endL' on input line 1.

[24




]
<chapters/chapter2/images/CropsProduction.png, id=958, 764.8575pt x 402.75468pt
>
File: chapters/chapter2/images/CropsProduction.png Graphic file (type png)
<use chapters/chapter2/images/CropsProduction.png>
Package pdftex.def Info: chapters/chapter2/images/CropsProduction.png  used on 
input line 40.
(pdftex.def)             Requested size: 409.71692pt x 215.7451pt.
<chapters/chapter2/images/AlgeriaWheat.png, id=962, 517.935pt x 326.4195pt>
File: chapters/chapter2/images/AlgeriaWheat.png Graphic file (type png)
<use chapters/chapter2/images/AlgeriaWheat.png>
Package pdftex.def Info: chapters/chapter2/images/AlgeriaWheat.png  used on inp
ut line 49.
(pdftex.def)             Requested size: 364.19667pt x 229.53804pt.


Package fancyhdr Warning: \headheight is too small (12.0pt): 
(fancyhdr)                Make it at least 26.98592pt, for example:
(fancyhdr)                \setlength{\headheight}{26.98592pt}.
(fancyhdr)                You might also make \topmargin smaller:
(fancyhdr)                \addtolength{\topmargin}{-14.98592pt}.

[25 <./chapters/chapter2/images/CropsProduction.png>]
<chapters/chapter2/images/Figure02.png, id=973, 661.72218pt x 587.19376pt>
File: chapters/chapter2/images/Figure02.png Graphic file (type png)
<use chapters/chapter2/images/Figure02.png>
Package pdftex.def Info: chapters/chapter2/images/Figure02.png  used on input l
ine 62.
(pdftex.def)             Requested size: 455.24411pt x 403.96352pt.


Package fancyhdr Warning: \headheight is too small (12.0pt): 
(fancyhdr)                Make it at least 26.98592pt, for example:
(fancyhdr)                \setlength{\headheight}{26.98592pt}.
(fancyhdr)                You might also make \topmargin smaller:
(fancyhdr)                \addtolength{\topmargin}{-14.98592pt}.

[26 <./chapters/chapter2/images/AlgeriaWheat.png>]
Overfull \hbox (7.91464pt too wide) in paragraph at lines 73--74
\T1/ptm/m/n/12 yellow-orange stripes on leaves and glumes. It thrives in moist 
con-di-tions be-tween 10^^U20\TS1/ptm/m/n/12 �\T1/ptm/m/n/12 C
 []


Package fancyhdr Warning: \headheight is too small (12.0pt): 
(fancyhdr)                Make it at least 26.98592pt, for example:
(fancyhdr)                \setlength{\headheight}{26.98592pt}.
(fancyhdr)                You might also make \topmargin smaller:
(fancyhdr)                \addtolength{\topmargin}{-14.98592pt}.

[27 <./chapters/chapter2/images/Figure02.png>]
<chapters/chapter13/images/WheatDiseases.png, id=996, 482.40225pt x 308.95425pt
>
File: chapters/chapter13/images/WheatDiseases.png Graphic file (type png)
<use chapters/chapter13/images/WheatDiseases.png>
Package pdftex.def Info: chapters/chapter13/images/WheatDiseases.png  used on i
nput line 136.
(pdftex.def)             Requested size: 455.24411pt x 291.57202pt.

Overfull \hbox (4.79472pt too wide) in paragraph at lines 155--156
\T1/ptm/m/n/12 heads, caus-ing yel-low-ing, leaf rolling, and poor pol-li-na-ti
on, es-pe-cially dur-ing early growth.
 []


Package fancyhdr Warning: \headheight is too small (12.0pt): 
(fancyhdr)                Make it at least 26.98592pt, for example:
(fancyhdr)                \setlength{\headheight}{26.98592pt}.
(fancyhdr)                You might also make \topmargin smaller:
(fancyhdr)                \addtolength{\topmargin}{-14.98592pt}.

[28 <./chapters/chapter13/images/WheatDiseases.png>]
<chapters/chapter2/images/Figure11.png, id=1027, 1247.41031pt x 371.13657pt>
File: chapters/chapter2/images/Figure11.png Graphic file (type png)
<use chapters/chapter2/images/Figure11.png>
Package pdftex.def Info: chapters/chapter2/images/Figure11.png  used on input l
ine 176.
(pdftex.def)             Requested size: 136.5684pt x 77.38599pt.
<chapters/chapter2/images/Figure12.png, id=1030, 1202.99437pt x 303.38344pt>
File: chapters/chapter2/images/Figure12.png Graphic file (type png)
<use chapters/chapter2/images/Figure12.png>
Package pdftex.def Info: chapters/chapter2/images/Figure12.png  used on input l
ine 179.
(pdftex.def)             Requested size: 136.57007pt x 77.39183pt.
<chapters/chapter2/images/Figure13.png, id=1033, 881.54344pt x 514.92375pt>
File: chapters/chapter2/images/Figure13.png Graphic file (type png)
<use chapters/chapter2/images/Figure13.png>
Package pdftex.def Info: chapters/chapter2/images/Figure13.png  used on input l
ine 182.
(pdftex.def)             Requested size: 136.57056pt x 77.3845pt.
<chapters/chapter2/images/Figure15.png, id=1036, 293.59688pt x 226.59656pt>
File: chapters/chapter2/images/Figure15.png Graphic file (type png)
<use chapters/chapter2/images/Figure15.png>
Package pdftex.def Info: chapters/chapter2/images/Figure15.png  used on input l
ine 186.
(pdftex.def)             Requested size: 136.57489pt x 77.39102pt.
<chapters/chapter2/images/Figure16.png, id=1039, 280.79906pt x 362.85562pt>
File: chapters/chapter2/images/Figure16.png Graphic file (type png)
<use chapters/chapter2/images/Figure16.png>
Package pdftex.def Info: chapters/chapter2/images/Figure16.png  used on input l
ine 189.
(pdftex.def)             Requested size: 136.573pt x 77.38678pt.
<chapters/chapter2/images/Figure17.png, id=1042, 547.2947pt x 408.77719pt>
File: chapters/chapter2/images/Figure17.png Graphic file (type png)
<use chapters/chapter2/images/Figure17.png>
Package pdftex.def Info: chapters/chapter2/images/Figure17.png  used on input l
ine 192.
(pdftex.def)             Requested size: 136.5728pt x 77.38779pt.

Underfull \hbox (badness 7291) in paragraph at lines 192--192
[]\T1/ptm/m/n/10.95 (f) |Sawfly (Kag-gle "Dataset
 []

<chapters/chapter2/images/Figure18.png, id=1043, 429.10312pt x 286.82156pt>
File: chapters/chapter2/images/Figure18.png Graphic file (type png)
<use chapters/chapter2/images/Figure18.png>
Package pdftex.def Info: chapters/chapter2/images/Figure18.png  used on input l
ine 196.
(pdftex.def)             Requested size: 136.57591pt x 77.39034pt.

Underfull \hbox (badness 10000) in paragraph at lines 196--196
[]\T1/ptm/m/n/10.95 (g) |Grasshop-pers (Kag-gle
 []

<chapters/chapter2/images/Figure19.png, id=1044, 713.66624pt x 393.72093pt>
File: chapters/chapter2/images/Figure19.png Graphic file (type png)
<use chapters/chapter2/images/Figure19.png>
Package pdftex.def Info: chapters/chapter2/images/Figure19.png  used on input l
ine 199.
(pdftex.def)             Requested size: 136.56717pt x 77.38504pt.

Underfull \hbox (badness 1565) in paragraph at lines 199--199
[]\T1/ptm/m/n/10.95 (h) |Wire-worm (Fa-rook et al.,
 []


Package fancyhdr Warning: \headheight is too small (12.0pt): 
(fancyhdr)                Make it at least 26.98592pt, for example:
(fancyhdr)                \setlength{\headheight}{26.98592pt}.
(fancyhdr)                You might also make \topmargin smaller:
(fancyhdr)                \addtolength{\topmargin}{-14.98592pt}.

[29]

Package fancyhdr Warning: \headheight is too small (12.0pt): 
(fancyhdr)                Make it at least 26.98592pt, for example:
(fancyhdr)                \setlength{\headheight}{26.98592pt}.
(fancyhdr)                You might also make \topmargin smaller:
(fancyhdr)                \addtolength{\topmargin}{-14.98592pt}.

[30 <./chapters/chapter2/images/Figure11.png> <./chapters/chapter2/images/Figur
e12.png> <./chapters/chapter2/images/Figure13.png> <./chapters/chapter2/images/
Figure15.png> <./chapters/chapter2/images/Figure16.png> <./chapters/chapter2/im
ages/Figure17.png> <./chapters/chapter2/images/Figure18.png> <./chapters/chapte
r2/images/Figure19.png>]
Overfull \hbox (3.20944pt too wide) in paragraph at lines 219--220
\T1/ptm/m/n/12 growth, de-tect-ing dis-eases, and as-sess-ing yield. It plays a
 cru-cial role in real-time decision-
 []


Overfull \hbox (15.49365pt too wide) in paragraph at lines 233--233
|[]\T1/ptm/b/n/17.28 Review of Image-Based Ap-proaches in Wheat Dis-ease Iden-
 []


Package fancyhdr Warning: \headheight is too small (12.0pt): 
(fancyhdr)                Make it at least 26.98592pt, for example:
(fancyhdr)                \setlength{\headheight}{26.98592pt}.
(fancyhdr)                You might also make \topmargin smaller:
(fancyhdr)                \addtolength{\topmargin}{-14.98592pt}.

[31]
<chapters/chapter3/images/Figure01.png, id=1094, 949.29657pt x 440.39531pt>
File: chapters/chapter3/images/Figure01.png Graphic file (type png)
<use chapters/chapter3/images/Figure01.png>
Package pdftex.def Info: chapters/chapter3/images/Figure01.png  used on input l
ine 252.
(pdftex.def)             Requested size: 364.19667pt x 168.95801pt.


Package fancyhdr Warning: \headheight is too small (12.0pt): 
(fancyhdr)                Make it at least 26.98592pt, for example:
(fancyhdr)                \setlength{\headheight}{26.98592pt}.
(fancyhdr)                You might also make \topmargin smaller:
(fancyhdr)                \addtolength{\topmargin}{-14.98592pt}.

[32 <./chapters/chapter3/images/Figure01.png>]
<chapters/chapter3/images/Figure02.png, id=1110, 722.7pt x 227.1988pt>
File: chapters/chapter3/images/Figure02.png Graphic file (type png)
<use chapters/chapter3/images/Figure02.png>
Package pdftex.def Info: chapters/chapter3/images/Figure02.png  used on input l
ine 263.
(pdftex.def)             Requested size: 364.19667pt x 114.49355pt.

Underfull \hbox (badness 10000) in paragraph at lines 282--282
[]|\T1/ptm/b/n/12 Categories and
 []


Overfull \hbox (21.54716pt too wide) in alignment at lines 279--284
 [] [] [] [] 
 []


Overfull \hbox (21.54716pt too wide) in alignment at lines 284--285
 [] [] [] [] 
 []


Underfull \hbox (badness 10000) in paragraph at lines 290--291
[]\T1/ptm/b/n/12 Preprocessing: \T1/ptm/m/n/12 Cy-cle-
 []


Underfull \hbox (badness 2582) in paragraph at lines 290--291
\T1/ptm/m/n/12 GAN, ADASYN, SMOTE,
 []


Underfull \hbox (badness 10000) in paragraph at lines 293--294
[]\T1/ptm/b/n/12 Categories:
 []


Underfull \hbox (badness 10000) in paragraph at lines 294--295
[]\T1/ptm/b/n/12 Dataset:
 []


Underfull \hbox (badness 10000) in paragraph at lines 294--295
\T1/ptm/m/n/12 Wheat Leaf
 []


Underfull \hbox (badness 10000) in paragraph at lines 294--295
\T1/ptm/m/n/12 Dataset (407
 []


Underfull \hbox (badness 6893) in paragraph at lines 296--297
[]|\T1/ptm/m/n/12 CycleGAN +
 []


Underfull \hbox (badness 10000) in paragraph at lines 296--297
\T1/ptm/m/n/12 Mo-bileNetV2:
 []


Underfull \hbox (badness 10000) in paragraph at lines 296--297
\T1/ptm/m/n/12 100% ac-cu-
 []


Underfull \hbox (badness 10000) in paragraph at lines 299--299
[]|\T1/ptm/m/n/12 ([]Nagpal et al.,
 []


Underfull \hbox (badness 10000) in paragraph at lines 301--302
[]\T1/ptm/b/n/12 Method: \T1/ptm/m/n/12 Hy-brid (Mo-
 []


Underfull \hbox (badness 10000) in paragraph at lines 305--306
[]\T1/ptm/b/n/12 Categories:
 []


Underfull \hbox (badness 10000) in paragraph at lines 305--306
\T1/ptm/m/n/12 Yel-low rust,
 []


Underfull \hbox (badness 10000) in paragraph at lines 305--306
\T1/ptm/m/n/12 brown rust,
 []


Underfull \hbox (badness 10000) in paragraph at lines 305--306
\T1/ptm/m/n/12 loose smut,
 []


Underfull \hbox (badness 10000) in paragraph at lines 311--311
[]|\T1/ptm/m/n/12 ([]Reis & Turk,
 []


Underfull \hbox (badness 10000) in paragraph at lines 317--318
[]\T1/ptm/b/n/12 Categories:
 []


Underfull \hbox (badness 10000) in paragraph at lines 317--318
\T1/ptm/m/n/12 Healthy,
 []


Underfull \hbox (badness 10000) in paragraph at lines 317--318
\T1/ptm/m/n/12 yel-low rust,
 []


Underfull \hbox (badness 10000) in paragraph at lines 318--319
[]\T1/ptm/b/n/12 Dataset:
 []


Underfull \hbox (badness 10000) in paragraph at lines 318--319
\T1/ptm/m/n/12 Wheat Dis-
 []


Underfull \hbox (badness 10000) in paragraph at lines 323--323
[]|\T1/ptm/m/n/12 ([]Goyal et al.,
 []


Underfull \hbox (badness 10000) in paragraph at lines 329--330
[]\T1/ptm/b/n/12 Categories:
 []


Underfull \hbox (badness 10000) in paragraph at lines 329--330
\T1/ptm/m/n/12 10 (kar-nal
 []


Underfull \hbox (badness 10000) in paragraph at lines 330--331
[]\T1/ptm/b/n/12 Dataset:
 []


Underfull \hbox (badness 10000) in paragraph at lines 330--331
\T1/ptm/m/n/12 LWDCD2020
 []


Underfull \hbox (badness 10000) in paragraph at lines 330--331
\T1/ptm/m/n/12 (12,000 im-
 []


Underfull \hbox (badness 7777) in paragraph at lines 335--335
[]|\T1/ptm/m/n/12 ([]Alharbi et al.,
 []


Underfull \hbox (badness 10000) in paragraph at lines 341--342
[]\T1/ptm/b/n/12 Categories:
 []


Underfull \hbox (badness 10000) in paragraph at lines 342--343
[]\T1/ptm/b/n/12 Dataset:
 []


Underfull \hbox (badness 10000) in paragraph at lines 342--343
\T1/ptm/m/n/12 PlantVil-lage,
 []


Underfull \hbox (badness 10000) in paragraph at lines 342--343
\T1/ptm/m/n/12 ual, Google
 []


Underfull \hbox (badness 1622) in paragraph at lines 342--343
\T1/ptm/m/n/12 Im-ages (1530
 []


Underfull \hbox (badness 10000) in paragraph at lines 347--347
[]|\T1/ptm/m/n/12 ([]Jouini et al.,
 []


Underfull \hbox (badness 10000) in paragraph at lines 353--354
[]\T1/ptm/b/n/12 Categories:
 []


Underfull \hbox (badness 3088) in paragraph at lines 353--354
\T1/ptm/m/n/12 Healthy, sep-
 []


Underfull \hbox (badness 10000) in paragraph at lines 359--359
[]|\T1/ptm/m/n/12 ([]Fang et al.,
 []


Underfull \hbox (badness 10000) in paragraph at lines 365--366
\T1/ptm/m/n/12 (rusts, smut,
 []


Underfull \hbox (badness 10000) in paragraph at lines 366--367
[]\T1/ptm/b/n/12 Dataset:
 []


Underfull \hbox (badness 10000) in paragraph at lines 366--367
\T1/ptm/m/n/12 LWDCD2020,
 []


Underfull \hbox (badness 10000) in paragraph at lines 366--367
\T1/ptm/m/n/12 PlantVil-lage,
 []


Underfull \hbox (badness 10000) in paragraph at lines 371--371
[]|\T1/ptm/m/n/12 ([]Nigam et al.,
 []


Underfull \hbox (badness 10000) in paragraph at lines 377--378
[]\T1/ptm/b/n/12 Categories:
 []


Underfull \hbox (badness 10000) in paragraph at lines 377--378
\T1/ptm/m/n/12 Stripe rust,
 []


Underfull \hbox (badness 10000) in paragraph at lines 378--379
[]\T1/ptm/b/n/12 Dataset:
 []


Underfull \hbox (badness 10000) in paragraph at lines 378--379
\T1/ptm/m/n/12 WheatRust21
 []


Underfull \hbox (badness 10000) in paragraph at lines 383--383
[]|\T1/ptm/m/n/12 ([]Jiang et al.,
 []


Underfull \hbox (badness 5446) in paragraph at lines 385--386
[]\T1/ptm/b/n/12 Method: \T1/ptm/m/n/12 7 [][][]CNN[][]s (e.g.,
 []


Underfull \hbox (badness 10000) in paragraph at lines 389--390
[]\T1/ptm/b/n/12 Categories:
 []


Underfull \hbox (badness 10000) in paragraph at lines 389--390
\T1/ptm/m/n/12 Healthy,
 []


Underfull \hbox (badness 10000) in paragraph at lines 390--391
[]\T1/ptm/b/n/12 Dataset:
 []


Underfull \hbox (badness 10000) in paragraph at lines 390--391
\T1/ptm/m/n/12 Field-based
 []


Underfull \hbox (badness 10000) in paragraph at lines 390--391
\T1/ptm/m/n/12 Wheat Dis-
 []


Underfull \hbox (badness 6477) in paragraph at lines 390--391
\T1/ptm/m/n/12 eases Im-ages
 []


Overfull \hbox (21.54716pt too wide) in alignment at lines 285--395
 [] [] [] [] 
 []


Package fancyhdr Warning: \headheight is too small (12.0pt): 
(fancyhdr)                Make it at least 26.98592pt, for example:
(fancyhdr)                \setlength{\headheight}{26.98592pt}.
(fancyhdr)                You might also make \topmargin smaller:
(fancyhdr)                \addtolength{\topmargin}{-14.98592pt}.

[33 <./chapters/chapter3/images/Figure02.png>]

Package fancyhdr Warning: \headheight is too small (12.0pt): 
(fancyhdr)                Make it at least 26.98592pt, for example:
(fancyhdr)                \setlength{\headheight}{26.98592pt}.
(fancyhdr)                You might also make \topmargin smaller:
(fancyhdr)                \addtolength{\topmargin}{-14.98592pt}.

[34]

Package fancyhdr Warning: \headheight is too small (12.0pt): 
(fancyhdr)                Make it at least 26.98592pt, for example:
(fancyhdr)                \setlength{\headheight}{26.98592pt}.
(fancyhdr)                You might also make \topmargin smaller:
(fancyhdr)                \addtolength{\topmargin}{-14.98592pt}.

[35]
<chapters/chapter3/images/Figure03.png, id=1153, 943.27406pt x 526.96875pt>
File: chapters/chapter3/images/Figure03.png Graphic file (type png)
<use chapters/chapter3/images/Figure03.png>
Package pdftex.def Info: chapters/chapter3/images/Figure03.png  used on input l
ine 414.
(pdftex.def)             Requested size: 500.77129pt x 279.76651pt.

Overfull \hbox (45.52718pt too wide) in paragraph at lines 414--415
 [][] 
 []

<chapters/chapter3/images/Figure04.png, id=1164, 922.79756pt x 380.32088pt>
File: chapters/chapter3/images/Figure04.png Graphic file (type png)
<use chapters/chapter3/images/Figure04.png>
Package pdftex.def Info: chapters/chapter3/images/Figure04.png  used on input l
ine 426.
(pdftex.def)             Requested size: 500.77129pt x 206.38577pt.

Overfull \hbox (45.52718pt too wide) in paragraph at lines 426--427
 [][] 
 []


Package fancyhdr Warning: \headheight is too small (12.0pt): 
(fancyhdr)                Make it at least 26.98592pt, for example:
(fancyhdr)                \setlength{\headheight}{26.98592pt}.
(fancyhdr)                You might also make \topmargin smaller:
(fancyhdr)                \addtolength{\topmargin}{-14.98592pt}.

[36 <./chapters/chapter3/images/Figure03.png>]
<chapters/chapter3/images/Figure05.png, id=1178, 737.75626pt x 453.19313pt>
File: chapters/chapter3/images/Figure05.png Graphic file (type png)
<use chapters/chapter3/images/Figure05.png>
Package pdftex.def Info: chapters/chapter3/images/Figure05.png  used on input l
ine 443.
(pdftex.def)             Requested size: 455.24411pt x 279.64912pt.


Package fancyhdr Warning: \headheight is too small (12.0pt): 
(fancyhdr)                Make it at least 26.98592pt, for example:
(fancyhdr)                \setlength{\headheight}{26.98592pt}.
(fancyhdr)                You might also make \topmargin smaller:
(fancyhdr)                \addtolength{\topmargin}{-14.98592pt}.

[37 <./chapters/chapter3/images/Figure04.png> <./chapters/chapter3/images/Figur
e05.png>]
<chapters/chapter3/images/Figure06.png, id=1189, 874.76813pt x 422.32782pt>
File: chapters/chapter3/images/Figure06.png Graphic file (type png)
<use chapters/chapter3/images/Figure06.png>
Package pdftex.def Info: chapters/chapter3/images/Figure06.png  used on input l
ine 454.
(pdftex.def)             Requested size: 409.71692pt x 197.80457pt.


! LaTeX Error: Unicode character ​ (U+200B)
               not set up for use with LaTeX.

See the LaTeX manual or LaTeX Companion for explanation.
Type  H <return>  for immediate help.
 ...                                              
                                                  
l.460 ... on wheat disease classification tasks​
                                                  . Likewise, \parencite{jou...

? 
<chapters/chapter3/images/Figure09.png, id=1203, 604.35788pt x 334.24875pt>
File: chapters/chapter3/images/Figure09.png Graphic file (type png)
<use chapters/chapter3/images/Figure09.png>
Package pdftex.def Info: chapters/chapter3/images/Figure09.png  used on input l
ine 467.
(pdftex.def)             Requested size: 500.77129pt x 276.96227pt.

Overfull \hbox (45.52718pt too wide) in paragraph at lines 467--468
 [][] 
 []


Package fancyhdr Warning: \headheight is too small (12.0pt): 
(fancyhdr)                Make it at least 26.98592pt, for example:
(fancyhdr)                \setlength{\headheight}{26.98592pt}.
(fancyhdr)                You might also make \topmargin smaller:
(fancyhdr)                \addtolength{\topmargin}{-14.98592pt}.

[38 <./chapters/chapter3/images/Figure06.png>]
Overfull \hbox (10.49457pt too wide) in paragraph at lines 474--475
\T1/ptm/m/n/12 and pre-cise so-lu-tions for sus-tain-able agri-cul-ture. How-ev
er, key chal-lenges still limit its widespread
 []


Package fancyhdr Warning: \headheight is too small (12.0pt): 
(fancyhdr)                Make it at least 26.98592pt, for example:
(fancyhdr)                \setlength{\headheight}{26.98592pt}.
(fancyhdr)                You might also make \topmargin smaller:
(fancyhdr)                \addtolength{\topmargin}{-14.98592pt}.

[39 <./chapters/chapter3/images/Figure09.png>])

Package fancyhdr Warning: \headheight is too small (12.0pt): 
(fancyhdr)                Make it at least 26.98592pt, for example:
(fancyhdr)                \setlength{\headheight}{26.98592pt}.
(fancyhdr)                You might also make \topmargin smaller:
(fancyhdr)                \addtolength{\topmargin}{-14.98592pt}.

[40]

Package hyperref Warning: Token not allowed in a PDF string (Unicode):
(hyperref)                removing `\beginL' on input line 59.


Package hyperref Warning: Token not allowed in a PDF string (Unicode):
(hyperref)                removing `\<def>-command' on input line 59.


Package hyperref Warning: Token not allowed in a PDF string (Unicode):
(hyperref)                removing `\encodingdefault' on input line 59.


Package hyperref Warning: Token not allowed in a PDF string (Unicode):
(hyperref)                removing `\endL' on input line 59.

[41



]
\openout2 = `chapters/chapter44/chapter44.aux'.

 (chapters/chapter44/chapter44.tex
Chapter 3.

Package hyperref Warning: Token not allowed in a PDF string (Unicode):
(hyperref)                removing `\beginL' on input line 2.


Package hyperref Warning: Token not allowed in a PDF string (Unicode):
(hyperref)                removing `\<def>-command' on input line 2.


Package hyperref Warning: Token not allowed in a PDF string (Unicode):
(hyperref)                removing `\encodingdefault' on input line 2.


Package hyperref Warning: Token not allowed in a PDF string (Unicode):
(hyperref)                removing `\endL' on input line 2.

[42


]
<chapters/chapter4/images/Figure00.png, id=1233, 958.48088pt x 1160.3852pt>
File: chapters/chapter4/images/Figure00.png Graphic file (type png)
<use chapters/chapter4/images/Figure00.png>
Package pdftex.def Info: chapters/chapter4/images/Figure00.png  used on input l
ine 32.
(pdftex.def)             Requested size: 455.23927pt x 551.13559pt.


Package fancyhdr Warning: \headheight is too small (12.0pt): 
(fancyhdr)                Make it at least 14.49998pt, for example:
(fancyhdr)                \setlength{\headheight}{14.49998pt}.
(fancyhdr)                You might also make \topmargin smaller:
(fancyhdr)                \addtolength{\topmargin}{-2.49998pt}.

[43]

Package fancyhdr Warning: \headheight is too small (12.0pt): 
(fancyhdr)                Make it at least 14.49998pt, for example:
(fancyhdr)                \setlength{\headheight}{14.49998pt}.
(fancyhdr)                You might also make \topmargin smaller:
(fancyhdr)                \addtolength{\topmargin}{-2.49998pt}.

[44 <./chapters/chapter4/images/Figure00.png>]
! Undefined control sequence.
l.49 ...llow Rust, Brown Rust, Stem Rust, \Powdery
                                                   Mildew, Loose Smut, Septo...

? 
<chapters/chapter4/images/Figure01.png, id=1245, 980.7039pt x 762.9303pt>
File: chapters/chapter4/images/Figure01.png Graphic file (type png)
<use chapters/chapter4/images/Figure01.png>
Package pdftex.def Info: chapters/chapter4/images/Figure01.png  used on input l
ine 54.
(pdftex.def)             Requested size: 364.19667pt x 283.32751pt.

Package fancyhdr Warning: \headheight is too small (12.0pt): 
(fancyhdr)                Make it at least 14.49998pt, for example:
(fancyhdr)                \setlength{\headheight}{14.49998pt}.
(fancyhdr)                You might also make \topmargin smaller:
(fancyhdr)                \addtolength{\topmargin}{-2.49998pt}.

[45 <./chapters/chapter4/images/Figure01.png>]
Underfull \hbox (badness 10000) in paragraph at lines 97--97
[]|\T1/ptm/m/n/12 Mendeley
 []


Underfull \hbox (badness 2012) in paragraph at lines 97--97
[]|\T1/ptm/m/n/12 (Genaev et
 []


Underfull \hbox (badness 2478) in paragraph at lines 97--97
\T1/ptm/m/n/12 Stem Rust(388), Sep-to-ria (185),
 []


Underfull \hbox (badness 1484) in paragraph at lines 97--97
[]|\T1/ptm/m/n/12 Healthy (142), Leaf Rust (358),
 []


Underfull \hbox (badness 10000) in paragraph at lines 97--97
[]|\T1/ptm/m/n/12 Google
 []


Underfull \hbox (badness 1314) in paragraph at lines 97--97
\T1/ptm/m/n/12 Loose Smut (99), Sep-to-ria (34),
 []


Package fancyhdr Warning: \headheight is too small (12.0pt): 
(fancyhdr)                Make it at least 14.49998pt, for example:
(fancyhdr)                \setlength{\headheight}{14.49998pt}.
(fancyhdr)                You might also make \topmargin smaller:
(fancyhdr)                \addtolength{\topmargin}{-2.49998pt}.

[46]
<chapters/chapter4/images/Figure02.png, id=1260, 531.78674pt x 296.90926pt>
File: chapters/chapter4/images/Figure02.png Graphic file (type png)
<use chapters/chapter4/images/Figure02.png>
Package pdftex.def Info: chapters/chapter4/images/Figure02.png  used on input l
ine 105.
(pdftex.def)             Requested size: 409.71692pt x 228.75221pt.
<chapters/chapter4/images/Figure03.png, id=1262, 3021.33769pt x 1033.00931pt>
File: chapters/chapter4/images/Figure03.png Graphic file (type png)
<use chapters/chapter4/images/Figure03.png>
Package pdftex.def Info: chapters/chapter4/images/Figure03.png  used on input l
ine 120.
(pdftex.def)             Requested size: 500.77129pt x 171.21153pt.

Overfull \hbox (45.52718pt too wide) in paragraph at lines 120--121
 [][] 
 []


Package fancyhdr Warning: \headheight is too small (12.0pt): 
(fancyhdr)                Make it at least 14.49998pt, for example:
(fancyhdr)                \setlength{\headheight}{14.49998pt}.
(fancyhdr)                You might also make \topmargin smaller:
(fancyhdr)                \addtolength{\topmargin}{-2.49998pt}.

[47 <./chapters/chapter4/images/Figure02.png>]
Overfull \hbox (8.69038pt too wide) in paragraph at lines 133--142
 [][]\T1/ptm/m/n/12 - 
 []

<chapters/chapter5/images/Figure01.png, id=1270, 927.76613pt x 681.59644pt>
File: chapters/chapter5/images/Figure01.png Graphic file (type png)
<use chapters/chapter5/images/Figure01.png>
Package pdftex.def Info: chapters/chapter5/images/Figure01.png  used on input l
ine 148.
(pdftex.def)             Requested size: 364.19667pt x 267.55838pt.

Package fancyhdr Warning: \headheight is too small (12.0pt): 
(fancyhdr)                Make it at least 14.49998pt, for example:
(fancyhdr)                \setlength{\headheight}{14.49998pt}.
(fancyhdr)                You might also make \topmargin smaller:
(fancyhdr)                \addtolength{\topmargin}{-2.49998pt}.

[48 <./chapters/chapter4/images/Figure03.png>]
<chapters/chapter5/images/Figure02b.png, id=1278, 572.89032pt x 443.40656pt>
File: chapters/chapter5/images/Figure02b.png Graphic file (type png)
<use chapters/chapter5/images/Figure02b.png>
Package pdftex.def Info: chapters/chapter5/images/Figure02b.png  used on input 
line 156.
(pdftex.def)             Requested size: 364.19667pt x 281.8848pt.


Package fancyhdr Warning: \headheight is too small (12.0pt): 
(fancyhdr)                Make it at least 14.49998pt, for example:
(fancyhdr)                \setlength{\headheight}{14.49998pt}.
(fancyhdr)                You might also make \topmargin smaller:
(fancyhdr)                \addtolength{\topmargin}{-2.49998pt}.

[49 <./chapters/chapter5/images/Figure01.png> <./chapters/chapter5/images/Figur
e02b.png>]

Package fancyhdr Warning: \headheight is too small (12.0pt): 
(fancyhdr)                Make it at least 14.49998pt, for example:
(fancyhdr)                \setlength{\headheight}{14.49998pt}.
(fancyhdr)                You might also make \topmargin smaller:
(fancyhdr)                \addtolength{\topmargin}{-2.49998pt}.

[50]
<chapters/chapter4/images/Figure04.png, id=1307, 638.385pt x 284.56313pt>
File: chapters/chapter4/images/Figure04.png Graphic file (type png)
<use chapters/chapter4/images/Figure04.png>
Package pdftex.def Info: chapters/chapter4/images/Figure04.png  used on input l
ine 200.
(pdftex.def)             Requested size: 409.71692pt x 182.63214pt.

Underfull \hbox (badness 6893) in paragraph at lines 221--221
[]|\T1/ptm/m/n/12 Kernel (type of ker-nel
 []


Underfull \hbox (badness 10000) in paragraph at lines 223--223
[]|\T1/ptm/m/n/12 gamma (ker-nel co-ef-fi-
 []


Underfull \hbox (badness 10000) in paragraph at lines 225--225
[]|\T1/ptm/m/n/12 degree (poly-no-mial de-
 []


LaTeX Warning: `h' float specifier changed to `ht'.


Package fancyhdr Warning: \headheight is too small (12.0pt): 
(fancyhdr)                Make it at least 14.49998pt, for example:
(fancyhdr)                \setlength{\headheight}{14.49998pt}.
(fancyhdr)                You might also make \topmargin smaller:
(fancyhdr)                \addtolength{\topmargin}{-2.49998pt}.

[51 <./chapters/chapter4/images/Figure04.png>]

Package fancyhdr Warning: \headheight is too small (12.0pt): 
(fancyhdr)                Make it at least 14.49998pt, for example:
(fancyhdr)                \setlength{\headheight}{14.49998pt}.
(fancyhdr)                You might also make \topmargin smaller:
(fancyhdr)                \addtolength{\topmargin}{-2.49998pt}.

[52]
<chapters/chapter4/images/Figure05.png, id=1333, 731.73375pt x 260.172pt>
File: chapters/chapter4/images/Figure05.png Graphic file (type png)
<use chapters/chapter4/images/Figure05.png>
Package pdftex.def Info: chapters/chapter4/images/Figure05.png  used on input l
ine 318.
(pdftex.def)             Requested size: 455.24411pt x 161.86472pt.


Package fancyhdr Warning: \headheight is too small (12.0pt): 
(fancyhdr)                Make it at least 14.49998pt, for example:
(fancyhdr)                \setlength{\headheight}{14.49998pt}.
(fancyhdr)                You might also make \topmargin smaller:
(fancyhdr)                \addtolength{\topmargin}{-2.49998pt}.

[53]
<chapters/chapter5/images/Figure08.png, id=1368, 696.35156pt x 351.56343pt>
File: chapters/chapter5/images/Figure08.png Graphic file (type png)
<use chapters/chapter5/images/Figure08.png>
Package pdftex.def Info: chapters/chapter5/images/Figure08.png  used on input l
ine 338.
(pdftex.def)             Requested size: 409.71692pt x 206.85199pt.


Package fancyhdr Warning: \headheight is too small (12.0pt): 
(fancyhdr)                Make it at least 14.49998pt, for example:
(fancyhdr)                \setlength{\headheight}{14.49998pt}.
(fancyhdr)                You might also make \topmargin smaller:
(fancyhdr)                \addtolength{\topmargin}{-2.49998pt}.

[54 <./chapters/chapter4/images/Figure05.png>]

Package fancyhdr Warning: \headheight is too small (12.0pt): 
(fancyhdr)                Make it at least 14.49998pt, for example:
(fancyhdr)                \setlength{\headheight}{14.49998pt}.
(fancyhdr)                You might also make \topmargin smaller:
(fancyhdr)                \addtolength{\topmargin}{-2.49998pt}.

[55 <./chapters/chapter5/images/Figure08.png>]
<appendices/images/FigureA9.png, id=1386, 628.59843pt x 261.22594pt>
File: appendices/images/FigureA9.png Graphic file (type png)
<use appendices/images/FigureA9.png>
Package pdftex.def Info: appendices/images/FigureA9.png  used on input line 409
.
(pdftex.def)             Requested size: 409.71692pt x 170.26518pt.


Package fancyhdr Warning: \headheight is too small (12.0pt): 
(fancyhdr)                Make it at least 14.49998pt, for example:
(fancyhdr)                \setlength{\headheight}{14.49998pt}.
(fancyhdr)                You might also make \topmargin smaller:
(fancyhdr)                \addtolength{\topmargin}{-2.49998pt}.

[56]

Package fancyhdr Warning: \headheight is too small (12.0pt): 
(fancyhdr)                Make it at least 14.49998pt, for example:
(fancyhdr)                \setlength{\headheight}{14.49998pt}.
(fancyhdr)                You might also make \topmargin smaller:
(fancyhdr)                \addtolength{\topmargin}{-2.49998pt}.

[57 <./appendices/images/FigureA9.png>]

Package fancyhdr Warning: \headheight is too small (12.0pt): 
(fancyhdr)                Make it at least 14.49998pt, for example:
(fancyhdr)                \setlength{\headheight}{14.49998pt}.
(fancyhdr)                You might also make \topmargin smaller:
(fancyhdr)                \addtolength{\topmargin}{-2.49998pt}.

[58]
<chapters/chapter5/images/Figure03.png, id=1423, 928.97063pt x 378.66469pt>
File: chapters/chapter5/images/Figure03.png Graphic file (type png)
<use chapters/chapter5/images/Figure03.png>
Package pdftex.def Info: chapters/chapter5/images/Figure03.png  used on input l
ine 500.
(pdftex.def)             Requested size: 409.71692pt x 167.01164pt.


Package fancyhdr Warning: \headheight is too small (12.0pt): 
(fancyhdr)                Make it at least 14.49998pt, for example:
(fancyhdr)                \setlength{\headheight}{14.49998pt}.
(fancyhdr)                You might also make \topmargin smaller:
(fancyhdr)                \addtolength{\topmargin}{-2.49998pt}.

[59 <./chapters/chapter5/images/Figure03.png>]

Package hyperref Warning: Token not allowed in a PDF string (Unicode):
(hyperref)                removing `\gls' on input line 574.


Package fancyhdr Warning: \headheight is too small (12.0pt): 
(fancyhdr)                Make it at least 14.49998pt, for example:
(fancyhdr)                \setlength{\headheight}{14.49998pt}.
(fancyhdr)                You might also make \topmargin smaller:
(fancyhdr)                \addtolength{\topmargin}{-2.49998pt}.

[60]
<chapters/chapter4/images/Figure08.png, id=1478, 560.0925pt x 587.94656pt>
File: chapters/chapter4/images/Figure08.png Graphic file (type png)
<use chapters/chapter4/images/Figure08.png>
Package pdftex.def Info: chapters/chapter4/images/Figure08.png  used on input l
ine 645.
(pdftex.def)             Requested size: 409.71692pt x 430.1125pt.


Package fancyhdr Warning: \headheight is too small (12.0pt): 
(fancyhdr)                Make it at least 14.49998pt, for example:
(fancyhdr)                \setlength{\headheight}{14.49998pt}.
(fancyhdr)                You might also make \topmargin smaller:
(fancyhdr)                \addtolength{\topmargin}{-2.49998pt}.

[61]

Package fancyhdr Warning: \headheight is too small (12.0pt): 
(fancyhdr)                Make it at least 14.49998pt, for example:
(fancyhdr)                \setlength{\headheight}{14.49998pt}.
(fancyhdr)                You might also make \topmargin smaller:
(fancyhdr)                \addtolength{\topmargin}{-2.49998pt}.

[62 <./chapters/chapter4/images/Figure08.png>]
Overfull \hbox (53.60112pt too wide) in paragraph at lines 679--681
[]\T1/ptm/m/n/12 In YOLOv8m-OBB, the head is mod-i-fied to out-put eight co-or-
di-nates $\OT1/ztmcm/m/n/12 (\OML/ztmcm/m/it/12 x[]; y[]; x[]; y[]; x[]; y[]; x
[]; y[]\OT1/ztmcm/m/n/12 )$\T1/ptm/m/n/12 ,
 []

<chapters/chapter4/images/Figure13.jpeg, id=1492, 637.4214pt x 254.8722pt>
File: chapters/chapter4/images/Figure13.jpeg Graphic file (type jpg)
<use chapters/chapter4/images/Figure13.jpeg>
Package pdftex.def Info: chapters/chapter4/images/Figure13.jpeg  used on input 
line 690.
(pdftex.def)             Requested size: 409.71692pt x 163.82544pt.

Package fancyhdr Warning: \headheight is too small (12.0pt): 
(fancyhdr)                Make it at least 14.49998pt, for example:
(fancyhdr)                \setlength{\headheight}{14.49998pt}.
(fancyhdr)                You might also make \topmargin smaller:
(fancyhdr)                \addtolength{\topmargin}{-2.49998pt}.

[63]
Underfull \hbox (badness 10000) in paragraph at lines 736--736
[]|\T1/ptm/b/n/12 Augmentation Tech-nique
 []


Package fancyhdr Warning: \headheight is too small (12.0pt): 
(fancyhdr)                Make it at least 14.49998pt, for example:
(fancyhdr)                \setlength{\headheight}{14.49998pt}.
(fancyhdr)                You might also make \topmargin smaller:
(fancyhdr)                \addtolength{\topmargin}{-2.49998pt}.

[64 <./chapters/chapter4/images/Figure13.jpeg>]

Package fancyhdr Warning: \headheight is too small (12.0pt): 
(fancyhdr)                Make it at least 14.49998pt, for example:
(fancyhdr)                \setlength{\headheight}{14.49998pt}.
(fancyhdr)                You might also make \topmargin smaller:
(fancyhdr)                \addtolength{\topmargin}{-2.49998pt}.

[65]
<chapters/chapter4/images/Figure14.png, id=1513, 708.246pt x 228.6141pt>
File: chapters/chapter4/images/Figure14.png Graphic file (type png)
<use chapters/chapter4/images/Figure14.png>
Package pdftex.def Info: chapters/chapter4/images/Figure14.png  used on input l
ine 813.
(pdftex.def)             Requested size: 409.71692pt x 132.25441pt.


Package fancyhdr Warning: \headheight is too small (12.0pt): 
(fancyhdr)                Make it at least 14.49998pt, for example:
(fancyhdr)                \setlength{\headheight}{14.49998pt}.
(fancyhdr)                You might also make \topmargin smaller:
(fancyhdr)                \addtolength{\topmargin}{-2.49998pt}.

[66]

Package fancyhdr Warning: \headheight is too small (12.0pt): 
(fancyhdr)                Make it at least 14.49998pt, for example:
(fancyhdr)                \setlength{\headheight}{14.49998pt}.
(fancyhdr)                You might also make \topmargin smaller:
(fancyhdr)                \addtolength{\topmargin}{-2.49998pt}.

[67 <./chapters/chapter4/images/Figure14.png>]
<chapters/chapter4/images/Figure10.png, id=1526, 841.4938pt x 707.79431pt>
File: chapters/chapter4/images/Figure10.png Graphic file (type png)
<use chapters/chapter4/images/Figure10.png>
Package pdftex.def Info: chapters/chapter4/images/Figure10.png  used on input l
ine 882.
(pdftex.def)             Requested size: 409.71692pt x 344.61903pt.
<chapters/chapter4/images/Figure12.png, id=1529, 646.3648pt x 501.37312pt>
File: chapters/chapter4/images/Figure12.png Graphic file (type png)
<use chapters/chapter4/images/Figure12.png>
Package pdftex.def Info: chapters/chapter4/images/Figure12.png  used on input l
ine 894.
(pdftex.def)             Requested size: 455.24411pt x 353.13147pt.


Package fancyhdr Warning: \headheight is too small (12.0pt): 
(fancyhdr)                Make it at least 14.49998pt, for example:
(fancyhdr)                \setlength{\headheight}{14.49998pt}.
(fancyhdr)                You might also make \topmargin smaller:
(fancyhdr)                \addtolength{\topmargin}{-2.49998pt}.

[68 <./chapters/chapter4/images/Figure10.png>])

Package fancyhdr Warning: \headheight is too small (12.0pt): 
(fancyhdr)                Make it at least 14.49998pt, for example:
(fancyhdr)                \setlength{\headheight}{14.49998pt}.
(fancyhdr)                You might also make \topmargin smaller:
(fancyhdr)                \addtolength{\topmargin}{-2.49998pt}.

[69 <./chapters/chapter4/images/Figure12.png>]
\openout2 = `chapters/chapter56/chapter56.aux'.


(chapters/chapter56/chapter56.tex
Chapter 4.

Package hyperref Warning: Token not allowed in a PDF string (Unicode):
(hyperref)                removing `\beginL' on input line 1.


Package hyperref Warning: Token not allowed in a PDF string (Unicode):
(hyperref)                removing `\<def>-command' on input line 1.


Package hyperref Warning: Token not allowed in a PDF string (Unicode):
(hyperref)                removing `\encodingdefault' on input line 1.


Package hyperref Warning: Token not allowed in a PDF string (Unicode):
(hyperref)                removing `\endL' on input line 1.


Underfull \hbox (badness 10000) in paragraph at lines 31--31
[]|\T1/ptm/b/n/12 Wheat-Disease Clas-si-fi-ca-tion
 []


Underfull \hbox (badness 5189) in paragraph at lines 31--31
[]|\T1/ptm/b/n/12 Insect-Pest De-tec-tion (Lo-cal
 []

[70




]

Package hyperref Warning: Token not allowed in a PDF string (Unicode):
(hyperref)                removing `\gls' on input line 38.

<chapters/chapter56/images/Figure13.png, id=1564, 1013.9481pt x 902.4114pt>
File: chapters/chapter56/images/Figure13.png Graphic file (type png)
<use chapters/chapter56/images/Figure13.png>
Package pdftex.def Info: chapters/chapter56/images/Figure13.png  used on input 
line 69.
(pdftex.def)             Requested size: 455.24411pt x 405.15881pt.

Package fancyhdr Warning: \headheight is too small (12.0pt): 
(fancyhdr)                Make it at least 14.49998pt, for example:
(fancyhdr)                \setlength{\headheight}{14.49998pt}.
(fancyhdr)                You might also make \topmargin smaller:
(fancyhdr)                \addtolength{\topmargin}{-2.49998pt}.

[71]

Package fancyhdr Warning: \headheight is too small (12.0pt): 
(fancyhdr)                Make it at least 14.49998pt, for example:
(fancyhdr)                \setlength{\headheight}{14.49998pt}.
(fancyhdr)                You might also make \topmargin smaller:
(fancyhdr)                \addtolength{\topmargin}{-2.49998pt}.

[72 <./chapters/chapter56/images/Figure13.png>]
Underfull \hbox (badness 1152) in paragraph at lines 101--102
[]|\T1/ptm/m/n/12 The im-ple-men-ta-tion frame-work is Py-
 []


Underfull \hbox (badness 1152) in paragraph at lines 103--104
[]|\T1/ptm/m/n/12 The im-ple-men-ta-tion frame-work is Py-
 []


Overfull \hbox (57.91792pt too wide) in paragraph at lines 95--107
 [][] 
 []


Underfull \hbox (badness 3735) in paragraph at lines 126--127
[]\T1/ptm/b/n/12 venv/\T1/ptm/m/n/12 : The Python [][][]Vir-tual En-vi-ron-ment

 []

<chapters/chapter56/images/Figure04.png, id=1582, 457.71pt x 651.18282pt>
File: chapters/chapter56/images/Figure04.png Graphic file (type png)
<use chapters/chapter56/images/Figure04.png>
Package pdftex.def Info: chapters/chapter56/images/Figure04.png  used on input 
line 132.
(pdftex.def)             Requested size: 163.88426pt x 233.1538pt.

Underfull \hbox (badness 2894) in paragraph at lines 148--149
[]\T1/ptm/b/n/12 components/\T1/ptm/m/n/12 : Con-tains reusable [][][]UI[][]
 []


Underfull \hbox (badness 3525) in paragraph at lines 152--153
\T1/ptm/m/n/12 Re-act app to the [][][]Doc-u-ment Ob-ject
 []

<chapters/chapter56/images/Figure10.png, id=1590, 251.43938pt x 557.83406pt>
File: chapters/chapter56/images/Figure10.png Graphic file (type png)
<use chapters/chapter56/images/Figure10.png>
Package pdftex.def Info: chapters/chapter56/images/Figure10.png  used on input 
line 167.
(pdftex.def)             Requested size: 163.88426pt x 363.58372pt.

Package fancyhdr Warning: \headheight is too small (12.0pt): 
(fancyhdr)                Make it at least 14.49998pt, for example:
(fancyhdr)                \setlength{\headheight}{14.49998pt}.
(fancyhdr)                You might also make \topmargin smaller:
(fancyhdr)                \addtolength{\topmargin}{-2.49998pt}.

[73 <./chapters/chapter56/images/Figure04.png>]
<chapters/chapter56/images/Figure05.png, id=1600, 1420.55719pt x 834.11626pt>
File: chapters/chapter56/images/Figure05.png Graphic file (type png)
<use chapters/chapter56/images/Figure05.png>
Package pdftex.def Info: chapters/chapter56/images/Figure05.png  used on input 
line 186.
(pdftex.def)             Requested size: 218.51521pt x 128.30666pt.
<chapters/chapter56/images/Figure06.png, id=1601, 2055.68pt x 2390.9325pt>
File: chapters/chapter56/images/Figure06.png Graphic file (type png)
<use chapters/chapter56/images/Figure06.png>
Package pdftex.def Info: chapters/chapter56/images/Figure06.png  used on input 
line 193.
(pdftex.def)             Requested size: 218.51521pt x 254.1381pt.


Package fancyhdr Warning: \headheight is too small (12.0pt): 
(fancyhdr)                Make it at least 14.49998pt, for example:
(fancyhdr)                \setlength{\headheight}{14.49998pt}.
(fancyhdr)                You might also make \topmargin smaller:
(fancyhdr)                \addtolength{\topmargin}{-2.49998pt}.

[74 <./chapters/chapter56/images/Figure10.png>]
<chapters/chapter56/images/Figure07.png, id=1612, 2055.68pt x 2268.475pt>
File: chapters/chapter56/images/Figure07.png Graphic file (type png)
<use chapters/chapter56/images/Figure07.png>
Package pdftex.def Info: chapters/chapter56/images/Figure07.png  used on input 
line 207.
(pdftex.def)             Requested size: 318.66948pt x 351.6446pt.


Package fancyhdr Warning: \headheight is too small (12.0pt): 
(fancyhdr)                Make it at least 14.49998pt, for example:
(fancyhdr)                \setlength{\headheight}{14.49998pt}.
(fancyhdr)                You might also make \topmargin smaller:
(fancyhdr)                \addtolength{\topmargin}{-2.49998pt}.

[75 <./chapters/chapter56/images/Figure05.png> <./chapters/chapter56/images/Fig
ure06.png>]
<chapters/chapter5/images/Figure11.png, id=1622, 2569.6pt x 1606.0pt>
File: chapters/chapter5/images/Figure11.png Graphic file (type png)
<use chapters/chapter5/images/Figure11.png>
Package pdftex.def Info: chapters/chapter5/images/Figure11.png  used on input l
ine 219.
(pdftex.def)             Requested size: 364.19667pt x 227.60759pt.


Package fancyhdr Warning: \headheight is too small (12.0pt): 
(fancyhdr)                Make it at least 14.49998pt, for example:
(fancyhdr)                \setlength{\headheight}{14.49998pt}.
(fancyhdr)                You might also make \topmargin smaller:
(fancyhdr)                \addtolength{\topmargin}{-2.49998pt}.

[76 <./chapters/chapter56/images/Figure07.png>]

Package fancyhdr Warning: \headheight is too small (12.0pt): 
(fancyhdr)                Make it at least 14.49998pt, for example:
(fancyhdr)                \setlength{\headheight}{14.49998pt}.
(fancyhdr)                You might also make \topmargin smaller:
(fancyhdr)                \addtolength{\topmargin}{-2.49998pt}.

[77 <./chapters/chapter5/images/Figure11.png>]

Package fancyhdr Warning: \headheight is too small (12.0pt): 
(fancyhdr)                Make it at least 14.49998pt, for example:
(fancyhdr)                \setlength{\headheight}{14.49998pt}.
(fancyhdr)                You might also make \topmargin smaller:
(fancyhdr)                \addtolength{\topmargin}{-2.49998pt}.

[78]
Overfull \hbox (23.29915pt too wide) in paragraph at lines 320--321
[]\T1/ptm/m/n/12 Finally, we com-pare our pro-posed so-lu-tion with ex-ist-ing 
state-of-the-art meth-ods by re-implementing
 []


Package fancyhdr Warning: \headheight is too small (12.0pt): 
(fancyhdr)                Make it at least 14.49998pt, for example:
(fancyhdr)                \setlength{\headheight}{14.49998pt}.
(fancyhdr)                You might also make \topmargin smaller:
(fancyhdr)                \addtolength{\topmargin}{-2.49998pt}.

[79]
Overfull \hbox (26.79204pt too wide) in paragraph at lines 337--338
\T1/ptm/m/n/12 cient-NetB2, Mo-bileNet, VGG19, Xcep-tion, In-cep-tionV3, DenseN
et169, DenseNet201, ResNet50V2,
 []


Package fancyhdr Warning: \headheight is too small (12.0pt): 
(fancyhdr)                Make it at least 14.49998pt, for example:
(fancyhdr)                \setlength{\headheight}{14.49998pt}.
(fancyhdr)                You might also make \topmargin smaller:
(fancyhdr)                \addtolength{\topmargin}{-2.49998pt}.

[80]
Overfull \hbox (5.32011pt too wide) in paragraph at lines 424--424
[]|\T1/ptm/b/n/12 Classifier| 
 []


Underfull \hbox (badness 1231) in paragraph at lines 430--430
[]|\T1/ptm/m/n/12 Polynomial de-gree (for poly
 []


Package fancyhdr Warning: \headheight is too small (12.0pt): 
(fancyhdr)                Make it at least 14.49998pt, for example:
(fancyhdr)                \setlength{\headheight}{14.49998pt}.
(fancyhdr)                You might also make \topmargin smaller:
(fancyhdr)                \addtolength{\topmargin}{-2.49998pt}.

[81]
Overfull \hbox (2.52364pt too wide) in paragraph at lines 465--466
[]|[]| 
 []


Underfull \hbox (badness 10000) in paragraph at lines 468--468
[]|\T1/ptm/m/n/12 Support Vec-tor Ma-
 []


Underfull \hbox (badness 10000) in paragraph at lines 469--469
[]|\T1/ptm/m/n/12 Multilayer Per-cep-tron
 []


Overfull \hbox (27.0255pt too wide) in paragraph at lines 461--471
 [][] 
 []


Package fancyhdr Warning: \headheight is too small (12.0pt): 
(fancyhdr)                Make it at least 14.49998pt, for example:
(fancyhdr)                \setlength{\headheight}{14.49998pt}.
(fancyhdr)                You might also make \topmargin smaller:
(fancyhdr)                \addtolength{\topmargin}{-2.49998pt}.

[82]
Underfull \hbox (badness 2393) in paragraph at lines 498--498
\T1/ptm/m/n/12 it-er-a-tions = 25, min-i-mum learn-ing rate =
 []


Underfull \hbox (badness 1226) in paragraph at lines 504--504
\T1/ptm/m/n/12 dom 90-degree Ro-ta-tion, Shift-Scale-Rotate,
 []


Underfull \hbox (badness 7796) in paragraph at lines 504--504
\T1/ptm/m/n/12 Hue-Saturation-Value Ad-just-ment, Ran-dom
 []


Package fancyhdr Warning: \headheight is too small (12.0pt): 
(fancyhdr)                Make it at least 14.49998pt, for example:
(fancyhdr)                \setlength{\headheight}{14.49998pt}.
(fancyhdr)                You might also make \topmargin smaller:
(fancyhdr)                \addtolength{\topmargin}{-2.49998pt}.

[83]
Overfull \hbox (18.79912pt too wide) in paragraph at lines 516--544
 [][] 
 []


Overfull \hbox (15.60725pt too wide) in paragraph at lines 555--556
\T1/ptm/m/n/12 cally, we ex-am-ined four widely adopted at-ten-tion mod-ules: S
elf-Attention, Squeeze-and-Excitation
 []


LaTeX Warning: `!h' float specifier changed to `!ht'.


Package fancyhdr Warning: \headheight is too small (12.0pt): 
(fancyhdr)                Make it at least 14.49998pt, for example:
(fancyhdr)                \setlength{\headheight}{14.49998pt}.
(fancyhdr)                You might also make \topmargin smaller:
(fancyhdr)                \addtolength{\topmargin}{-2.49998pt}.

[84]
<chapters/chapter56/images/Figure02.png, id=1747, 806.26219pt x 719.68875pt>
File: chapters/chapter56/images/Figure02.png Graphic file (type png)
<use chapters/chapter56/images/Figure02.png>
Package pdftex.def Info: chapters/chapter56/images/Figure02.png  used on input 
line 587.
(pdftex.def)             Requested size: 409.71692pt x 365.71863pt.

Underfull \hbox (badness 10000) in paragraph at lines 593--594

 []


Package fancyhdr Warning: \headheight is too small (12.0pt): 
(fancyhdr)                Make it at least 14.49998pt, for example:
(fancyhdr)                \setlength{\headheight}{14.49998pt}.
(fancyhdr)                You might also make \topmargin smaller:
(fancyhdr)                \addtolength{\topmargin}{-2.49998pt}.

[85 <./chapters/chapter56/images/Figure02.png>]
<chapters/chapter56/images/Figure03.png, id=1754, 1169.11781pt x 280.04625pt>
File: chapters/chapter56/images/Figure03.png Graphic file (type png)
<use chapters/chapter56/images/Figure03.png>
Package pdftex.def Info: chapters/chapter56/images/Figure03.png  used on input 
line 603.
(pdftex.def)             Requested size: 409.71692pt x 98.14157pt.

Underfull \hbox (badness 10000) in paragraph at lines 694--694
[]|\T1/ptm/b/n/12 Accuracy
 []


Underfull \hbox (badness 10000) in paragraph at lines 694--694
[]|\T1/ptm/b/n/12 Recall
 []


Underfull \hbox (badness 10000) in paragraph at lines 694--694
[]|\T1/ptm/b/n/12 Precision
 []


Underfull \hbox (badness 10000) in paragraph at lines 694--695
[]|\T1/ptm/b/n/12 F1-score
 []


Underfull \hbox (badness 1009) in paragraph at lines 696--696
[]|\T1/ptm/m/n/12 2 classes (Healthy /
 []


Underfull \hbox (badness 2318) in paragraph at lines 698--698
[]|\T1/ptm/m/n/12 Model 2 (Dis-eases
 []


Underfull \hbox (badness 10000) in paragraph at lines 700--700
[]|\T1/ptm/m/n/12 Hierarchical Ap-
 []


Overfull \hbox (40.65582pt too wide) in paragraph at lines 692--704
 [][] 
 []


Package fancyhdr Warning: \headheight is too small (12.0pt): 
(fancyhdr)                Make it at least 14.49998pt, for example:
(fancyhdr)                \setlength{\headheight}{14.49998pt}.
(fancyhdr)                You might also make \topmargin smaller:
(fancyhdr)                \addtolength{\topmargin}{-2.49998pt}.

[86 <./chapters/chapter56/images/Figure03.png>]
Underfull \hbox (badness 10000) in paragraph at lines 721--721
[]|\T1/ptm/b/n/12 Accuracy
 []


Underfull \hbox (badness 10000) in paragraph at lines 721--721
[]|\T1/ptm/b/n/12 Recall
 []


Underfull \hbox (badness 10000) in paragraph at lines 721--721
[]|\T1/ptm/b/n/12 Precision
 []


Underfull \hbox (badness 10000) in paragraph at lines 721--722
[]|\T1/ptm/b/n/12 F1-score
 []


Underfull \hbox (badness 10000) in paragraph at lines 723--723
[]|\T1/ptm/m/n/12 Model 2 (All
 []


Underfull \hbox (badness 10000) in paragraph at lines 725--725
[]|\T1/ptm/m/n/12 Hierarchical Ap-
 []


Overfull \hbox (40.65582pt too wide) in paragraph at lines 719--729
 [][] 
 []

<chapters/chapter56/images/Figure004.png, id=1767, 729.927pt x 570.33075pt>
File: chapters/chapter56/images/Figure004.png Graphic file (type png)
<use chapters/chapter56/images/Figure004.png>
Package pdftex.def Info: chapters/chapter56/images/Figure004.png  used on input
 line 738.
(pdftex.def)             Requested size: 364.19667pt x 284.57289pt.

Package fancyhdr Warning: \headheight is too small (12.0pt): 
(fancyhdr)                Make it at least 14.49998pt, for example:
(fancyhdr)                \setlength{\headheight}{14.49998pt}.
(fancyhdr)                You might also make \topmargin smaller:
(fancyhdr)                \addtolength{\topmargin}{-2.49998pt}.

[87]
<chapters/chapter56/images/ConfusionMatricsSingleModel.png, id=1772, 806.26219p
t x 686.565pt>
File: chapters/chapter56/images/ConfusionMatricsSingleModel.png Graphic file (t
ype png)
<use chapters/chapter56/images/ConfusionMatricsSingleModel.png>
Package pdftex.def Info: chapters/chapter56/images/ConfusionMatricsSingleModel.
png  used on input line 748.
(pdftex.def)             Requested size: 364.19667pt x 310.12473pt.


Package fancyhdr Warning: \headheight is too small (12.0pt): 
(fancyhdr)                Make it at least 14.49998pt, for example:
(fancyhdr)                \setlength{\headheight}{14.49998pt}.
(fancyhdr)                You might also make \topmargin smaller:
(fancyhdr)                \addtolength{\topmargin}{-2.49998pt}.

[88 <./chapters/chapter56/images/Figure004.png> <./chapters/chapter56/images/Co
nfusionMatricsSingleModel.png>]
Underfull \hbox (badness 4391) in paragraph at lines 789--789
[]|\T1/ptm/m/it/12 (Fang et al.,
 []


Underfull \hbox (badness 10000) in paragraph at lines 790--790
[]|\T1/ptm/m/n/12 Modified Inception-ResNet
 []


Underfull \hbox (badness 4673) in paragraph at lines 790--790
\T1/ptm/m/n/12 ar-chi-tec-ture en-hanced with
 []


Underfull \hbox (badness 1077) in paragraph at lines 790--790
\T1/ptm/m/n/12 Chan-nel and Spa-tial At-ten-
 []


Underfull \hbox (badness 1194) in paragraph at lines 790--790
\T1/ptm/m/n/12 tion Mod-ules (CBAM) and
 []


Underfull \hbox (badness 2080) in paragraph at lines 790--790
\T1/ptm/m/n/12 Ef-fi-cient Chan-nel At-ten-tion
 []


Underfull \hbox (badness 10000) in paragraph at lines 790--790
\T1/ptm/m/n/12 (ECA). Com-bines mul-ti-
 []


Underfull \hbox (badness 10000) in paragraph at lines 807--807
[]|\T1/ptm/m/n/12 Hybrid trans-fer learn-ing
 []


Underfull \hbox (badness 8151) in paragraph at lines 807--807
\T1/ptm/m/n/12 pipeline com-bin-ing frozen
 []


Underfull \hbox (badness 10000) in paragraph at lines 807--807
\T1/ptm/m/n/12 Ef-fi-cient-NetB0 for ini-tial
 []


Underfull \hbox (badness 10000) in paragraph at lines 807--807
\T1/ptm/m/n/12 fea-ture ex-trac-tion with a
 []


Underfull \hbox (badness 10000) in paragraph at lines 820--821
[]\T1/ptm/m/n/12 Loss: Cat-e-gor-i-cal cross-
 []


Underfull \hbox (badness 10000) in paragraph at lines 821--822
[]\T1/ptm/m/n/12 Augmentation: ro-ta-tion
 []


Underfull \hbox (badness 1371) in paragraph at lines 821--822
\T1/ptm/m/n/12 (\TS1/ptm/m/n/12 �\T1/ptm/m/n/12 20\TS1/ptm/m/n/12 �\T1/ptm/m/n/
12 ), shift (\TS1/ptm/m/n/12 �\T1/ptm/m/n/12 20%), zoom
 []


Package fancyhdr Warning: \headheight is too small (12.0pt): 
(fancyhdr)                Make it at least 14.49998pt, for example:
(fancyhdr)                \setlength{\headheight}{14.49998pt}.
(fancyhdr)                You might also make \topmargin smaller:
(fancyhdr)                \addtolength{\topmargin}{-2.49998pt}.

[89]
Underfull \hbox (badness 10000) in paragraph at lines 837--837
[]|\T1/ptm/b/n/12 Accuracy
 []


Underfull \hbox (badness 10000) in paragraph at lines 837--837
[]|\T1/ptm/b/n/12 Precision
 []


Underfull \hbox (badness 10000) in paragraph at lines 837--837
[]|\T1/ptm/b/n/12 F1-score
 []


Underfull \hbox (badness 10000) in paragraph at lines 839--839
[]|\T1/ptm/m/n/12 (Fang et al.,
 []


Underfull \hbox (badness 10000) in paragraph at lines 841--841
[]|\T1/ptm/m/n/12 (Jouini et al.,
 []


Underfull \hbox (badness 1454) in paragraph at lines 843--843
[]|\T1/ptm/m/n/12 Our Hi-er-ar-chi-cal
 []


Overfull \hbox (3.668pt too wide) in paragraph at lines 835--847
 [][] 
 []


Package fancyhdr Warning: \headheight is too small (12.0pt): 
(fancyhdr)                Make it at least 14.49998pt, for example:
(fancyhdr)                \setlength{\headheight}{14.49998pt}.
(fancyhdr)                You might also make \topmargin smaller:
(fancyhdr)                \addtolength{\topmargin}{-2.49998pt}.

[90]
Overfull \hbox (38.71439pt too wide) in paragraph at lines 876--890
 [][] 
 []


Package fancyhdr Warning: \headheight is too small (12.0pt): 
(fancyhdr)                Make it at least 14.49998pt, for example:
(fancyhdr)                \setlength{\headheight}{14.49998pt}.
(fancyhdr)                You might also make \topmargin smaller:
(fancyhdr)                \addtolength{\topmargin}{-2.49998pt}.

[91]
<chapters/chapter56/images/ConfusionMatricsPests.png, id=1805, 689.57625pt x 55
7.6835pt>
File: chapters/chapter56/images/ConfusionMatricsPests.png Graphic file (type pn
g)
<use chapters/chapter56/images/ConfusionMatricsPests.png>
Package pdftex.def Info: chapters/chapter56/images/ConfusionMatricsPests.png  u
sed on input line 900.
(pdftex.def)             Requested size: 409.71692pt x 331.35352pt.
<chapters/chapter56/images/YoloObbResualts.png, id=1806, 1020.81375pt x 647.268
19pt>
File: chapters/chapter56/images/YoloObbResualts.png Graphic file (type png)
<use chapters/chapter56/images/YoloObbResualts.png>
Package pdftex.def Info: chapters/chapter56/images/YoloObbResualts.png  used on
 input line 907.
(pdftex.def)             Requested size: 409.71692pt x 259.79156pt.


Package fancyhdr Warning: \headheight is too small (12.0pt): 
(fancyhdr)                Make it at least 14.49998pt, for example:
(fancyhdr)                \setlength{\headheight}{14.49998pt}.
(fancyhdr)                You might also make \topmargin smaller:
(fancyhdr)                \addtolength{\topmargin}{-2.49998pt}.

[92 <./chapters/chapter56/images/ConfusionMatricsPests.png>])

Package fancyhdr Warning: \headheight is too small (12.0pt): 
(fancyhdr)                Make it at least 14.49998pt, for example:
(fancyhdr)                \setlength{\headheight}{14.49998pt}.
(fancyhdr)                You might also make \topmargin smaller:
(fancyhdr)                \addtolength{\topmargin}{-2.49998pt}.

[93 <./chapters/chapter56/images/YoloObbResualts.png>] (conclusion.tex [94




]

Package fancyhdr Warning: \headheight is too small (12.0pt): 
(fancyhdr)                Make it at least 14.49998pt, for example:
(fancyhdr)                \setlength{\headheight}{14.49998pt}.
(fancyhdr)                You might also make \topmargin smaller:
(fancyhdr)                \addtolength{\topmargin}{-2.49998pt}.

[95])

Package fancyhdr Warning: \headheight is too small (12.0pt): 
(fancyhdr)                Make it at least 14.49998pt, for example:
(fancyhdr)                \setlength{\headheight}{14.49998pt}.
(fancyhdr)                You might also make \topmargin smaller:
(fancyhdr)                \addtolength{\topmargin}{-2.49998pt}.

[96] [97

]
Overfull \hbox (1.57726pt too wide) in paragraph at lines 71--71
[][]\T1/ptm/m/n/12 Hao, M., Sun, Q., Xuan, C., Zhang, X., & Zhao, M. (2024). Sq
ueezenet: an im-proved lightweight
 []


Package fancyhdr Warning: \headheight is too small (12.0pt): 
(fancyhdr)                Make it at least 14.49998pt, for example:
(fancyhdr)                \setlength{\headheight}{14.49998pt}.
(fancyhdr)                You might also make \topmargin smaller:
(fancyhdr)                \addtolength{\topmargin}{-2.49998pt}.

[98]

Package fancyhdr Warning: \headheight is too small (12.0pt): 
(fancyhdr)                Make it at least 14.49998pt, for example:
(fancyhdr)                \setlength{\headheight}{14.49998pt}.
(fancyhdr)                You might also make \topmargin smaller:
(fancyhdr)                \addtolength{\topmargin}{-2.49998pt}.

[99] [100


]
\openout2 = `appendices/annexeA.aux'.

 (appendices/annexeA.tex
Appendix A.

Package hyperref Warning: Token not allowed in a PDF string (Unicode):
(hyperref)                removing `\beginL' on input line 1.


Package hyperref Warning: Token not allowed in a PDF string (Unicode):
(hyperref)                removing `\<def>-command' on input line 1.


Package hyperref Warning: Token not allowed in a PDF string (Unicode):
(hyperref)                removing `\encodingdefault' on input line 1.


Package hyperref Warning: Token not allowed in a PDF string (Unicode):
(hyperref)                removing `\endL' on input line 1.

<chapters/chapter1/images/Figure09.png, id=1878, 519.44063pt x 203.25937pt>
File: chapters/chapter1/images/Figure09.png Graphic file (type png)
<use chapters/chapter1/images/Figure09.png>
Package pdftex.def Info: chapters/chapter1/images/Figure09.png  used on input l
ine 14.
(pdftex.def)             Requested size: 364.19667pt x 142.51009pt.
[101


 <./chapters/chapter1/images/Figure09.png>]
<chapters/chapter1/images/Figure10.png, id=1888, 520.19344pt x 224.33812pt>
File: chapters/chapter1/images/Figure10.png Graphic file (type png)
<use chapters/chapter1/images/Figure10.png>
Package pdftex.def Info: chapters/chapter1/images/Figure10.png  used on input l
ine 27.
(pdftex.def)             Requested size: 364.19667pt x 157.06299pt.
<appendices/images/FigureA1.png, id=1893, 681.29532pt x 301.8778pt>
File: appendices/images/FigureA1.png Graphic file (type png)
<use appendices/images/FigureA1.png>
Package pdftex.def Info: appendices/images/FigureA1.png  used on input line 41.

(pdftex.def)             Requested size: 409.71692pt x 181.54263pt.


Package fancyhdr Warning: \headheight is too small (12.0pt): 
(fancyhdr)                Make it at least 14.49998pt, for example:
(fancyhdr)                \setlength{\headheight}{14.49998pt}.
(fancyhdr)                You might also make \topmargin smaller:
(fancyhdr)                \addtolength{\topmargin}{-2.49998pt}.

[102 <./chapters/chapter1/images/Figure10.png>]
<appendices/images/FigureA5.png, id=1903, 579.66562pt x 193.47281pt>
File: appendices/images/FigureA5.png Graphic file (type png)
<use appendices/images/FigureA5.png>
Package pdftex.def Info: appendices/images/FigureA5.png  used on input line 110
.
(pdftex.def)             Requested size: 273.14923pt x 91.1684pt.
<appendices/images/FigureA6.png, id=1908, 597.73312pt x 152.82094pt>
File: appendices/images/FigureA6.png Graphic file (type png)
<use appendices/images/FigureA6.png>
Package pdftex.def Info: appendices/images/FigureA6.png  used on input line 122
.
(pdftex.def)             Requested size: 364.19667pt x 93.11336pt.


Package fancyhdr Warning: \headheight is too small (12.0pt): 
(fancyhdr)                Make it at least 14.49998pt, for example:
(fancyhdr)                \setlength{\headheight}{14.49998pt}.
(fancyhdr)                You might also make \topmargin smaller:
(fancyhdr)                \addtolength{\topmargin}{-2.49998pt}.

[103 <./appendices/images/FigureA1.png> <./appendices/images/FigureA5.png>]
<appendices/images/FigureA7.png, id=1920, 600.74437pt x 154.32657pt>
File: appendices/images/FigureA7.png Graphic file (type png)
<use appendices/images/FigureA7.png>
Package pdftex.def Info: appendices/images/FigureA7.png  used on input line 133
.
(pdftex.def)             Requested size: 364.19667pt x 93.56212pt.
<appendices/images/FigureA8.png, id=1925, 577.40718pt x 154.32657pt>
File: appendices/images/FigureA8.png Graphic file (type png)
<use appendices/images/FigureA8.png>
Package pdftex.def Info: appendices/images/FigureA8.png  used on input line 143
.
(pdftex.def)             Requested size: 364.19667pt x 97.34398pt.

Overfull \hbox (9.27115pt too wide) in paragraph at lines 165--165
|\T1/ptm/b/n/17.28 YOLOv8-OBB: Ex-tend-ing YOLO for Ori-ented Bound-ing Boxes| 

 []


Package fancyhdr Warning: \headheight is too small (12.0pt): 
(fancyhdr)                Make it at least 14.49998pt, for example:
(fancyhdr)                \setlength{\headheight}{14.49998pt}.
(fancyhdr)                You might also make \topmargin smaller:
(fancyhdr)                \addtolength{\topmargin}{-2.49998pt}.

[104 <./appendices/images/FigureA6.png> <./appendices/images/FigureA7.png> <./a
ppendices/images/FigureA8.png>]
<appendices/images/FigureOBB.png, id=1938, 730.52925pt x 317.38576pt>
File: appendices/images/FigureOBB.png Graphic file (type png)
<use appendices/images/FigureOBB.png>
Package pdftex.def Info: appendices/images/FigureOBB.png  used on input line 18
8.
(pdftex.def)             Requested size: 318.66948pt x 138.45396pt.
)

Package fancyhdr Warning: \headheight is too small (12.0pt): 
(fancyhdr)                Make it at least 14.49998pt, for example:
(fancyhdr)                \setlength{\headheight}{14.49998pt}.
(fancyhdr)                You might also make \topmargin smaller:
(fancyhdr)                \addtolength{\topmargin}{-2.49998pt}.

[105 <./appendices/images/FigureOBB.png>]
\openout2 = `appendices/annexeC.aux'.

 (appendices/annexeC.tex
Appendix B.

Package hyperref Warning: Token not allowed in a PDF string (Unicode):
(hyperref)                removing `\beginL' on input line 1.


Package hyperref Warning: Token not allowed in a PDF string (Unicode):
(hyperref)                removing `\<def>-command' on input line 1.


Package hyperref Warning: Token not allowed in a PDF string (Unicode):
(hyperref)                removing `\encodingdefault' on input line 1.


Package hyperref Warning: Token not allowed in a PDF string (Unicode):
(hyperref)                removing `\endL' on input line 1.

! Misplaced alignment tab character &.
<argument> Programming Languages &
                                   Environments
l.7 ...tion*{Programming Languages & Environments}
                                                  
? 
<appendices/images/Python.png, id=1946, 105.39375pt x 107.65219pt>
File: appendices/images/Python.png Graphic file (type png)
<use appendices/images/Python.png>
Package pdftex.def Info: appendices/images/Python.png  used on input line 19.
(pdftex.def)             Requested size: 45.52371pt x 46.49979pt.
<appendices/images/GoogleColab.png, id=1948, 137.01187pt x 79.04532pt>
File: appendices/images/GoogleColab.png Graphic file (type png)
<use appendices/images/GoogleColab.png>
Package pdftex.def Info: appendices/images/GoogleColab.png  used on input line 
36.
(pdftex.def)             Requested size: 45.52371pt x 26.26353pt.
<appendices/images/JupyterNotebook.png, id=1949, 118.94438pt x 140.02313pt>
File: appendices/images/JupyterNotebook.png Graphic file (type png)
<use appendices/images/JupyterNotebook.png>
Package pdftex.def Info: appendices/images/JupyterNotebook.png  used on input l
ine 53.
(pdftex.def)             Requested size: 45.52371pt x 53.59178pt.
<appendices/images/VSCode.png, id=1950, 112.16907pt x 111.41624pt>
File: appendices/images/VSCode.png Graphic file (type png)
<use appendices/images/VSCode.png>
Package pdftex.def Info: appendices/images/VSCode.png  used on input line 70.
(pdftex.def)             Requested size: 45.52371pt x 45.21683pt.
[106




 <./appendices/images/Python.png> <./appendices/images/GoogleColab.png> <./appe
ndices/images/JupyterNotebook.png>]
! Misplaced alignment tab character &.
<argument> Machine Learning &
                              Deep Learning Libraries
l.76 ...achine Learning & Deep Learning Libraries}
                                                  
? 
<appendices/images/TensorFlow.png, id=1961, 121.20282pt x 128.73094pt>
File: appendices/images/TensorFlow.png Graphic file (type png)
<use appendices/images/TensorFlow.png>
Package pdftex.def Info: appendices/images/TensorFlow.png  used on input line 9
0.
(pdftex.def)             Requested size: 45.52371pt x 48.35254pt.
<appendices/images/PyTorch.png, id=1962, 112.92188pt x 134.00063pt>
File: appendices/images/PyTorch.png Graphic file (type png)
<use appendices/images/PyTorch.png>
Package pdftex.def Info: appendices/images/PyTorch.png  used on input line 121.

(pdftex.def)             Requested size: 45.52371pt x 54.02254pt.
<appendices/images/Ultralytics.png, id=1963, 112.16907pt x 97.86563pt>
File: appendices/images/Ultralytics.png Graphic file (type png)
<use appendices/images/Ultralytics.png>
Package pdftex.def Info: appendices/images/Ultralytics.png  used on input line 
136.
(pdftex.def)             Requested size: 45.52371pt x 39.71748pt.
<appendices/images/scikit-learn.png, id=1964, 152.82094pt x 85.06781pt>
File: appendices/images/scikit-learn.png Graphic file (type png)
<use appendices/images/scikit-learn.png>
Package pdftex.def Info: appendices/images/scikit-learn.png  used on input line
 151.
(pdftex.def)             Requested size: 45.52371pt x 25.3401pt.
<appendices/images/Joblib.png, id=1965, 182.18062pt x 158.84344pt>
File: appendices/images/Joblib.png Graphic file (type png)
<use appendices/images/Joblib.png>
Package pdftex.def Info: appendices/images/Joblib.png  used on input line 183.
(pdftex.def)             Requested size: 45.52371pt x 39.69136pt.

Package fancyhdr Warning: \headheight is too small (12.0pt): 
(fancyhdr)                Make it at least 14.49998pt, for example:
(fancyhdr)                \setlength{\headheight}{14.49998pt}.
(fancyhdr)                You might also make \topmargin smaller:
(fancyhdr)                \addtolength{\topmargin}{-2.49998pt}.

[107 <./appendices/images/VSCode.png> <./appendices/images/TensorFlow.png> <./a
ppendices/images/PyTorch.png> <./appendices/images/Ultralytics.png> <./appendic
es/images/scikit-learn.png>]
! Misplaced alignment tab character &.
<argument> Data Handling &
                           Processing
l.189 \subsection*{Data Handling & Processing}
                                              
? 
<appendices/images/NumPy.png, id=1980, 98.61844pt x 100.12407pt>
File: appendices/images/NumPy.png Graphic file (type png)
<use appendices/images/NumPy.png>
Package pdftex.def Info: appendices/images/NumPy.png  used on input line 203.
(pdftex.def)             Requested size: 45.52371pt x 46.21803pt.
<appendices/images/OpenCV.png, id=1981, 149.8097pt x 134.75343pt>
File: appendices/images/OpenCV.png Graphic file (type png)
<use appendices/images/OpenCV.png>
Package pdftex.def Info: appendices/images/OpenCV.png  used on input line 219.
(pdftex.def)             Requested size: 45.52371pt x 40.9486pt.
<appendices/images/Albumentations.png, id=1982, 94.85437pt x 93.34875pt>
File: appendices/images/Albumentations.png Graphic file (type png)
<use appendices/images/Albumentations.png>
Package pdftex.def Info: appendices/images/Albumentations.png  used on input li
ne 235.
(pdftex.def)             Requested size: 45.52371pt x 44.80118pt.
<appendices/images/Matplotlib.png, id=1983, 121.20282pt x 118.94438pt>
File: appendices/images/Matplotlib.png Graphic file (type png)
<use appendices/images/Matplotlib.png>
Package pdftex.def Info: appendices/images/Matplotlib.png  used on input line 2
62.
(pdftex.def)             Requested size: 45.52371pt x 44.67662pt.
<appendices/images/Seaborn.png, id=1984, 158.84344pt x 158.09062pt>
File: appendices/images/Seaborn.png Graphic file (type png)
<use appendices/images/Seaborn.png>
Package pdftex.def Info: appendices/images/Seaborn.png  used on input line 278.

(pdftex.def)             Requested size: 45.52371pt x 45.30716pt.

Package fancyhdr Warning: \headheight is too small (12.0pt): 
(fancyhdr)                Make it at least 14.49998pt, for example:
(fancyhdr)                \setlength{\headheight}{14.49998pt}.
(fancyhdr)                You might also make \topmargin smaller:
(fancyhdr)                \addtolength{\topmargin}{-2.49998pt}.

[108 <./appendices/images/Joblib.png> <./appendices/images/NumPy.png> <./append
ices/images/OpenCV.png> <./appendices/images/Albumentations.png> <./appendices/
images/Matplotlib.png>]
! Misplaced alignment tab character &.
<argument> Annotation &
                        Dataset Preparation
l.284 ...ection*{Annotation & Dataset Preparation}
                                                  
? 
<appendices/images/CVAT.png, id=1999, 118.19156pt x 118.19156pt>
File: appendices/images/CVAT.png Graphic file (type png)
<use appendices/images/CVAT.png>
Package pdftex.def Info: appendices/images/CVAT.png  used on input line 298.
(pdftex.def)             Requested size: 45.52371pt x 45.52463pt.

Underfull \hbox (badness 3128) in paragraph at lines 313--314
[]\T1/ptm/m/n/12 Lucidchart is a web-based tool for cre-at-ing di-a-grams and
 []

<appendices/images/Lucidchart.png, id=2001, 127.22531pt x 140.02313pt>
File: appendices/images/Lucidchart.png Graphic file (type png)
<use appendices/images/Lucidchart.png>
Package pdftex.def Info: appendices/images/Lucidchart.png  used on input line 3
18.
(pdftex.def)             Requested size: 45.52371pt x 50.10275pt.
<appendices/images/Figma.png, id=2002, 96.36pt x 142.28156pt>
File: appendices/images/Figma.png Graphic file (type png)
<use appendices/images/Figma.png>
Package pdftex.def Info: appendices/images/Figma.png  used on input line 335.
(pdftex.def)             Requested size: 45.52371pt x 67.21753pt.
! Misplaced alignment tab character &.
<argument> Web Development &
                             Deployment
l.341 \subsection*{Web Development & Deployment}
                                                
? 
<appendices/images/Flask.png, id=2003, 94.85437pt x 117.43875pt>
File: appendices/images/Flask.png Graphic file (type png)
<use appendices/images/Flask.png>
Package pdftex.def Info: appendices/images/Flask.png  used on input line 354.
(pdftex.def)             Requested size: 45.52371pt x 56.36278pt.

Package fancyhdr Warning: \headheight is too small (12.0pt): 
(fancyhdr)                Make it at least 14.49998pt, for example:
(fancyhdr)                \setlength{\headheight}{14.49998pt}.
(fancyhdr)                You might also make \topmargin smaller:
(fancyhdr)                \addtolength{\topmargin}{-2.49998pt}.

[109 <./appendices/images/Seaborn.png> <./appendices/images/CVAT.png> <./append
ices/images/Lucidchart.png> <./appendices/images/Figma.png>]
<appendices/images/React.png, id=2016, 140.77594pt x 129.48375pt>
File: appendices/images/React.png Graphic file (type png)
<use appendices/images/React.png>
Package pdftex.def Info: appendices/images/React.png  used on input line 369.
(pdftex.def)             Requested size: 45.52371pt x 41.87227pt.
<appendices/images/TailwindCSS.png, id=2019, 173.89969pt x 103.13531pt>
File: appendices/images/TailwindCSS.png Graphic file (type png)
<use appendices/images/TailwindCSS.png>
Package pdftex.def Info: appendices/images/TailwindCSS.png  used on input line 
384.
(pdftex.def)             Requested size: 45.52371pt x 26.99866pt.
<appendices/images/Vite.png, id=2020, 133.24782pt x 130.23656pt>
File: appendices/images/Vite.png Graphic file (type png)
<use appendices/images/Vite.png>
Package pdftex.def Info: appendices/images/Vite.png  used on input line 400.
(pdftex.def)             Requested size: 45.52371pt x 44.49446pt.
<appendices/images/HomePage.png, id=2021, 1437.87187pt x 813.0375pt>
File: appendices/images/HomePage.png Graphic file (type png)
<use appendices/images/HomePage.png>
Package pdftex.def Info: appendices/images/HomePage.png  used on input line 414
.
(pdftex.def)             Requested size: 273.14923pt x 154.44151pt.


Package fancyhdr Warning: \headheight is too small (12.0pt): 
(fancyhdr)                Make it at least 14.49998pt, for example:
(fancyhdr)                \setlength{\headheight}{14.49998pt}.
(fancyhdr)                You might also make \topmargin smaller:
(fancyhdr)                \addtolength{\topmargin}{-2.49998pt}.

[110 <./appendices/images/Flask.png> <./appendices/images/React.png> <./appendi
ces/images/TailwindCSS.png> <./appendices/images/Vite.png>]
<appendices/images/About.png, id=2037, 2055.68pt x 5418.2425pt>
File: appendices/images/About.png Graphic file (type png)
<use appendices/images/About.png>
Package pdftex.def Info: appendices/images/About.png  used on input line 448.
(pdftex.def)             Requested size: 218.51521pt x 575.91835pt.
<appendices/images/Documentation.png, id=2038, 2569.6pt x 7313.3225pt>
File: appendices/images/Documentation.png Graphic file (type png)
<use appendices/images/Documentation.png>
Package pdftex.def Info: appendices/images/Documentation.png  used on input lin
e 455.
(pdftex.def)             Requested size: 218.51521pt x 621.90318pt.


Package fancyhdr Warning: \headheight is too small (12.0pt): 
(fancyhdr)                Make it at least 14.49998pt, for example:
(fancyhdr)                \setlength{\headheight}{14.49998pt}.
(fancyhdr)                You might also make \topmargin smaller:
(fancyhdr)                \addtolength{\topmargin}{-2.49998pt}.

[111 <./appendices/images/HomePage.png>]
<appendices/images/ContactUs.png, id=2044, 2055.68pt x 2527.4425pt>
File: appendices/images/ContactUs.png Graphic file (type png)
<use appendices/images/ContactUs.png>
Package pdftex.def Info: appendices/images/ContactUs.png  used on input line 46
8.
(pdftex.def)             Requested size: 273.14923pt x 335.82939pt.


Package fancyhdr Warning: \headheight is too small (12.0pt): 
(fancyhdr)                Make it at least 14.49998pt, for example:
(fancyhdr)                \setlength{\headheight}{14.49998pt}.
(fancyhdr)                You might also make \topmargin smaller:
(fancyhdr)                \addtolength{\topmargin}{-2.49998pt}.

[112 <./appendices/images/About.png> <./appendices/images/Documentation.png>])

Package fancyhdr Warning: \headheight is too small (12.0pt): 
(fancyhdr)                Make it at least 14.49998pt, for example:
(fancyhdr)                \setlength{\headheight}{14.49998pt}.
(fancyhdr)                You might also make \topmargin smaller:
(fancyhdr)                \addtolength{\topmargin}{-2.49998pt}.

[113 <./appendices/images/ContactUs.png>]
\openout2 = `appendices/annexeD.aux'.

 (appendices/annexeD.tex
Appendix C.

Package hyperref Warning: Token not allowed in a PDF string (Unicode):
(hyperref)                removing `\beginL' on input line 1.


Package hyperref Warning: Token not allowed in a PDF string (Unicode):
(hyperref)                removing `\<def>-command' on input line 1.


Package hyperref Warning: Token not allowed in a PDF string (Unicode):
(hyperref)                removing `\encodingdefault' on input line 1.


Package hyperref Warning: Token not allowed in a PDF string (Unicode):
(hyperref)                removing `\endL' on input line 1.

[114




]
<appendices/images/comm.png, id=2061, 755.82375pt x 426.393pt>
File: appendices/images/comm.png Graphic file (type png)
<use appendices/images/comm.png>
Package pdftex.def Info: appendices/images/comm.png  used on input line 29.
(pdftex.def)             Requested size: 432.48051pt x 243.98343pt.
<appendices/images/GANTTCHART.jpg, id=2063, 917.67844pt x 248.42813pt>
File: appendices/images/GANTTCHART.jpg Graphic file (type jpg)
<use appendices/images/GANTTCHART.jpg>
Package pdftex.def Info: appendices/images/GANTTCHART.jpg  used on input line 3
9.
(pdftex.def)             Requested size: 455.24411pt x 123.24333pt.
)

Package fancyhdr Warning: \headheight is too small (12.0pt): 
(fancyhdr)                Make it at least 14.49998pt, for example:
(fancyhdr)                \setlength{\headheight}{14.49998pt}.
(fancyhdr)                You might also make \topmargin smaller:
(fancyhdr)                \addtolength{\topmargin}{-2.49998pt}.

[115 <./appendices/images/comm.png> <./appendices/images/GANTTCHART.jpg>]

! LaTeX Error: \begin{table} on input line 871 ended by \end{document}.

See the LaTeX manual or LaTeX Companion for explanation.
Type  H <return>  for immediate help.
 ...                                              
                                                  
l.87 \end{document}
                   
? 
(main.aux (titlepage.aux) (acknowledgement.aux) (dedication.aux)
(dedicationz.aux) (abstract.aux) (introduction.aux)
(chapters/chapter1/chapter1.aux) (chapters/chapter13/chapter13.aux)
(chapters/chapter44/chapter44.aux) (chapters/chapter56/chapter56.aux)
(appendices/annexeA.aux) (appendices/annexeC.aux) (appendices/annexeD.aux))
 ***********
LaTeX2e <2023-11-01> patch level 1
L3 programming layer <2024-01-04>
 ***********


 *File List*
  report.cls    2023/05/17 v1.4n Standard LaTeX document class
  size12.clo    2023/05/17 v1.4n Standard LaTeX file (size option)
preambule/preamble.tex
inputenc.sty    2021/02/14 v1.3d Input encoding file
   babel.sty    2024/01/07 v24.1 The Babel package
 bblopts.cfg    2005/09/08 v0.1 add Arabic and Farsi to "declared" options of b
abel
  french.ldf    2024-07-25 v3.6c French support from the babel system
  arabic.ldf    2006/01/01 v0.1 Arabic support for the babel system
  laeenc.def    2006/01/01 v0.1 Local Arabic font encoding (test version: may c
hange)
  laeenc.dfu    2006/01/01 v1.0 UTF-8 support for Arabic and Farsi for use with
 inputenc
arabicore.sty
arabicfnt.sty
arabnovowel.sty    2005/09/07 v0.1 Arabic dummy vowel slots when needed
  laecmr.fd    2006/01/01 v0.1 LaTeX Arabic default font description (test vers
ion: may change)
  arabic.cfg
 english.ldf    2017/06/06 v3.3r English support from the babel system
babel-english.tex
babel-french.tex
scalefnt.sty    
csquotes.sty    2024-04-04 v5.2o context-sensitive quotations (JAW)
etoolbox.sty    2020/10/05 v2.5k e-TeX tools for LaTeX (JAW)
  keyval.sty    2022/05/29 v1.15 key=value parser (DPC)
csquotes.def    2024-04-04 v5.2o csquotes generic definitions (JAW)
csquotes.cfg    
 fontenc.sty    2021/04/29 v2.0v Standard LaTeX package
   array.sty    2023/10/16 v2.5g Tabular extension package (FMi)
 amsmath.sty    2023/05/13 v2.17o AMS math features
 amstext.sty    2021/08/26 v2.01 AMS text
  amsgen.sty    1999/11/30 v2.0 generic functions
  amsbsy.sty    1999/11/29 v1.2d Bold Symbols
  amsopn.sty    2022/04/08 v2.04 operator names
 amssymb.sty    2013/01/14 v3.01 AMS font symbols
amsfonts.sty    2013/01/14 v3.01 Basic AMSFonts support
  amsthm.sty    2020/05/29 v2.20.6
     bbm.sty    1999/03/15 V 1.2 provides fonts for set symbols - TH
  xcolor.sty    2023/11/15 v3.01 LaTeX color extensions (UK)
   color.cfg    2016/01/02 v1.6 sample color configuration
  pdftex.def    2022/09/22 v1.2b Graphics/color driver for pdftex
mathcolor.ltx
dvipsnam.def    2016/06/17 v3.0m Driver-dependent file (DPC,SPQR)
  svgnam.def    2023/11/15 v3.01 Predefined colors according to SVG 1.1 (UK)
fancyhdr.sty    2025/02/07 v5.2 Extensive control of page headers and footers
graphicx.sty    2021/09/16 v1.2d Enhanced LaTeX Graphics (DPC,SPQR)
graphics.sty    2022/03/10 v1.4e Standard LaTeX Graphics (DPC,SPQR)
    trig.sty    2021/08/11 v1.11 sin cos tan (DPC)
graphics.cfg    2016/06/04 v1.11 sample graphics configuration
enumitem.sty    2025/02/06 v3.11 Customized lists
  import.sty    2020/04/01  v 6.2
colonequals.sty    2016/05/16 v1.1 Colon equals symbols (HO)
hyperref.sty    2023-11-26 v7.01g Hypertext links for LaTeX
   iftex.sty    2022/02/03 v1.0f TeX engine tests
infwarerr.sty    2019/12/03 v1.5 Providing info/warning/error messages (HO)
kvsetkeys.sty    2022-10-05 v1.19 Key value parser (HO)
kvdefinekeys.sty    2019-12-19 v1.6 Define keys (HO)
pdfescape.sty    2019/12/09 v1.15 Implements pdfTeX's escape features (HO)
 ltxcmds.sty    2023-12-04 v1.26 LaTeX kernel commands for general use (HO)
pdftexcmds.sty    2020-06-27 v0.33 Utility functions of pdfTeX for LuaTeX (HO)
 hycolor.sty    2020-01-27 v1.10 Color options for hyperref/bookmark (HO)
letltxmacro.sty    2019/12/03 v1.6 Let assignment for LaTeX macros (HO)
 auxhook.sty    2019-12-17 v1.6 Hooks for auxiliary files (HO)
 nameref.sty    2023-11-26 v2.56 Cross-referencing by name of section
refcount.sty    2019/12/15 v3.6 Data extraction from label references (HO)
gettitlestring.sty    2019/12/15 v1.6 Cleanup title references (HO)
kvoptions.sty    2022-06-15 v3.15 Key value format for package options (HO)
  pd1enc.def    2023-11-26 v7.01g Hyperref: PDFDocEncoding definition (HO)
 intcalc.sty    2019/12/15 v1.3 Expandable calculations with integers (HO)
   puenc.def    2023-11-26 v7.01g Hyperref: PDF Unicode definition (HO)
     url.sty    2013/09/16  ver 3.4  Verb mode for urls, etc.
  bitset.sty    2019/12/09 v1.3 Handle bit-vector datatype (HO)
bigintcalc.sty    2019/12/15 v1.5 Expandable calculations on big integers (HO)
atbegshi-ltx.sty    2021/01/10 v1.0c Emulation of the original atbegshi
package with kernel methods
 hpdftex.def    2023-11-26 v7.01g Hyperref driver for pdfTeX
atveryend-ltx.sty    2020/08/19 v1.0a Emulation of the original atveryend packa
ge
with kernel methods
rerunfilecheck.sty    2022-07-10 v1.10 Rerun checks for auxiliary files (HO)
uniquecounter.sty    2019/12/15 v1.4 Provide unlimited unique counter (HO)
cleveref.sty    2018/03/27 v0.21.4 Intelligent cross-referencing
geometry.sty    2020/01/02 v5.9 Page Geometry
  ifvtex.sty    2019/10/25 v1.7 ifvtex legacy package. Use iftex instead.
geometry.cfg
appendix.sty    2020/02/08 v1.2c extra appendix facilities
 wrapfig.sty    2003/01/31  v 3.6
cprotect.sty    2011/01/27 v1.0e (Bruno Le Floch)
  ifthen.sty    2022/04/13 v1.1d Standard LaTeX ifthen package (DPC)
  suffix.sty    2006/07/15 1.5a Variant command support
preambule/tikz.tex
    tikz.sty    2023-01-15 v3.1.10 (3.1.10)
     pgf.sty    2023-01-15 v3.1.10 (3.1.10)
  pgfrcs.sty    2023-01-15 v3.1.10 (3.1.10)
pgfrcs.code.tex
 pgfcore.sty    2023-01-15 v3.1.10 (3.1.10)
  pgfsys.sty    2023-01-15 v3.1.10 (3.1.10)
pgfsys.code.tex
pgfsyssoftpath.code.tex    2023-01-15 v3.1.10 (3.1.10)
pgfsysprotocol.code.tex    2023-01-15 v3.1.10 (3.1.10)
pgfcore.code.tex
pgfcomp-version-0-65.sty    2023-01-15 v3.1.10 (3.1.10)
pgfcomp-version-1-18.sty    2023-01-15 v3.1.10 (3.1.10)
  pgffor.sty    2023-01-15 v3.1.10 (3.1.10)
 pgfkeys.sty    
pgfkeys.code.tex
 pgfmath.sty    
pgfmath.code.tex
pgffor.code.tex
tikz.code.tex
tikz-qtree.sty    
 pgftree.sty    
pgfsubpic.sty    
pgfsubpic.tex
 pgftree.tex
tikz-qtree.tex
circuitikz.sty    2025/03/21{} The CircuiTikz circuit drawing package version 1
.7.2
biblatex.sty    2023/03/05 v3.19 programmable bibliographies (PK/MW)
  logreq.sty    2010/08/04 v1.0 xml request logger
  logreq.def    2010/08/04 v1.0 logreq spec v1.0
  blx-dm.def    2023/03/05 v3.19 biblatex localization (PK/MW)
     apa.dbx    2023/03/20 v9.17 APA biblatex style data model
blx-compat.def    2023/03/05 v3.19 biblatex compatibility (PK/MW)
biblatex.def    2023/03/05 v3.19 biblatex compatibility (PK/MW)
standard.bbx    2023/03/05 v3.19 biblatex bibliography style (PK/MW)
     apa.bbx    2023/03/20 v9.17 APA biblatex references style
     apa.cbx    2023/03/20 v9.17 APA biblatex citation style
biblatex.cfg    
   expl3.sty    2024-01-04 L3 programming layer (loader) 
l3backend-pdftex.def    2024-01-04 L3 backend support: PDF output (pdfTeX)
blx-case-expl3.sty    2023/03/05 v3.19 expl3 case changing code for biblatex
  xparse.sty    2023-10-10 L3 Experimental document command parser
 caption.sty    2023/08/05 v3.6o Customizing captions (AR)
caption3.sty    2023/07/31 v2.4d caption3 kernel (AR)
preambule/codestyle.tex
listings.sty    2023/02/27 1.9 (Carsten Heinz)
 lstmisc.sty    2023/02/27 1.9 (Carsten Heinz)
listings.cfg    2023/02/27 1.9 listings configuration
preambule/algo-style.tex
algorithm2e.sty    2017/07/18 v5.2 algorithms environments
ifoddpage.sty    2022/10/18 v1.2 Conditionals for odd/even page detection
  xspace.sty    2014/10/28 v1.13 Space after command names (DPC,MH)
 relsize.sty    2013/03/29 ver 4.1
 arabtex.sty    2003/08/22  3.11 ArabTeX main module
 arabaux.sty    2003/05/21  3.11 auxiliary macros for ArabTeX
    acmd.sty    2003/08/20  3.11 Arabic command processing 
  afonts.sty    1995/11/16  3.04 define Naskh font 
 afonts2.sty    1998/10/19  3.10 define Naskh fonts for LaTeX2e
   ascan.sty    2003/08/22  3.11 standard ZDMG input encoding 
  aparse.sty    2003/05/26  3.11 get syllables 
  awrite.sty    2003/06/05  3.11 build output word 
xarbsymb.sty    1998/07/15  3.07 symbolic output encoding 
arabskel.sty    2000/06/04  3.10 character skeleton definitions 
xarbskel.sty    1999/07/17  3.09 character skeleton definitions 
  aboxes.sty    2003/05/28  3.11 build output boxes
arabtoks.sty    1999/07/17  3.09 ArabTeX CS token definitions 
arabchrs.sty    1998/07/11  3.07 letter token definitions 
   aligs.sty    2003/05/26  3.11 compute ligatures
 aoutput.sty    2000/06/04  3.10 build output lines
  abidir.sty    2003/08/22  3.11 bidirectional linebreaking
  atrans.sty    2003/06/14  3.11 generate the transliteration 
  alatex.sty    2003/05/04  3.11 ArabTeX extensions for LaTeX 
   afoot.sty    2003/05/12  3.11 ArabTeX footnotes
   abjad.sty    2003/04/26  3.11 abjad numerals 
  apatch.sty    2006/07/02  3.11s last minute patches 
  alists.sty    2003/04/26  3.11 inverted list macros
   asect.sty    2003/04/26  3.11 section macros for Arabic
   atabg.sty    1997/01/21  3.05 LaTeX tabbing macros for Arabic
    utf8.sty    2000/06/13  3.10 UTF-8 input encoding 
 utfcode.sty    2002/03/07  3.10a Arabic+Hebrew segment of UTF-8
afterpage.sty    2023/07/04 v1.08 After-Page Package (DPC)
   float.sty    2001/11/08 v1.3d Float enhancements (AL)
subcaption.sty    2023/07/28 v1.6b Sub-captions (AR)
pdflscape.sty    2022-10-27 v0.13 Display of landscape pages in PDF
pdflscape-nometadata.sty    2022-10-28 v0.13 Display of landscape pages in PDF 
(HO)
  lscape.sty    2020/05/28 v3.02 Landscape Pages (DPC)
 parskip.sty    2021-03-14 v2.0h non-zero parskip adjustments
stmaryrd.sty    1994/03/03 St Mary's Road symbol package
bookmark.sty    2023-12-10 v1.31 PDF bookmarks (HO)
bkm-pdftex.def    2023-12-10 v1.31 bookmark driver for pdfTeX and luaTeX (HO)
booktabs.sty    2020/01/12 v1.61803398 Publication quality tables
stackengine.sty    2021/07/22 v4.11\ Stacking text and objects in convenient wa
ys
listofitems.sty    2024/03/09 v1.65 Grab items in lists using user-specified se
p char (CT)
    calc.sty    2023/07/08 v4.3 Infix arithmetic (KKT,FJ)
adjustbox.sty    2025/02/26 v1.3c Adjusting TeX boxes (trim, clip, ...)
 xkeyval.sty    2022/06/16 v2.9 package option processing (HA)
 xkeyval.tex    2014/12/03 v2.7a key=value parser (HA)
 adjcalc.sty    2012/05/16 v1.1 Provides advanced setlength with multiple back-
ends (calc, etex, pgfmath)
trimclip.sty    2025/02/21 v1.2a Trim and clip general TeX material
collectbox.sty    2022/10/17 v0.4c Collect macro arguments as boxes
tc-pdftex.def    2025/02/26 v2.3 Clipping driver for pdftex
varwidth.sty    2009/03/30 ver 0.92;  Variable-width minipages
footnote.sty    1997/01/28 1.13 Save footnotes around boxes
multirow.sty    2024/11/12 v2.9 Span multiple rows of a table
makecell.sty    2009/08/03 V0.1e Managing of Tab Column Heads and Cells
mathptmx.sty    2020/03/25 PSNFSS-v9.3 Times w/ Math, improved (SPQR, WaS) 
titlesec.sty    2025/01/04 v2.17 Sectioning titles
preambule/theorems.tex
preambule/notations.tex
preambule/abbreviations.tex
glossaries-extra.sty    2025/04/12 v1.6 (NLCT)
glossaries.sty    2025/04/11 v4.59 (NLCT)
mfirstuc.sty    2025/04/03 v2.09 (NLCT)
    xfor.sty    2009/02/05 v1.05 (NLCT)
tracklang.sty    2025/03/11 v1.6.6 (NLCT) Track Languages
tracklang.tex    2025/03/11 v1.6.6 (NLCT) Track Languages Generic Code
glossaries-english.ldf    2014/11/23 v1.0
glossaries-french.ldf    2016/12/12 v1.1
datatool-base.sty    2025/04/03 v3.4 (NLCT)
datatool-l3fp.def    2025/04/03 v3.4 (NLCT)
datatool-utf8.ldf    2025/04/03 v3.4 (NLCT)
glossary-hypernav.sty    2025/04/11 v4.59 (NLCT)
glossary-list.sty    2025/04/11 v4.59 (NLCT)
glossary-long.sty    2025/04/11 v4.59 (NLCT)
longtable.sty    2023-11-01 v4.19 Multi-page Table package (DPC)
glossary-super.sty    2025/04/11 v4.59 (NLCT)
supertabular.sty    2024/07/20 v4.2c the supertabular environment
glossary-tree.sty    2025/04/11 v4.59 (NLCT)
glossaries-extra-abbrstyles.def    2025/04/12 v1.6 (NLCT)
   t1ptm.fd    2001/06/04 font definitions for T1/ptm.
supp-pdf.mkii
epstopdf-base.sty    2020-01-24 v2.11 Base part for package epstopdf
epstopdf-sys.cfg    2021/03/18 v2.0 Configuration of epstopdf for MiKTeX
 english.lbx    2023/03/05 v3.19 biblatex localization (PK/MW)
american.lbx    2023/03/05 v3.19 biblatex localization (PK/MW)
american-apa.lbx    2023/03/20 v9.17 APA biblatex localisation
english-apa.lbx    2023/03/20 v9.17 APA biblatex localisation
  french.lbx    2023/03/05 v3.19 biblatex localization (PK/MW)
french-apa.lbx    2023/03/20 v9.17 APA biblatex localisation
    main.bbl
ltcaption.sty    2021/01/08 v1.4c longtable captions (AR)
  apatch.sty    2006/07/02  3.11s last minute patches 
titlepage.tex
   uxnsh.fd     1999/10/19 v3.10 ArabTeX Naskh extd. font definitions
assets/images/esi_logo.png
ot1ztmcm.fd    2000/01/03 Fontinst v1.801 font definitions for OT1/ztmcm.
omlztmcm.fd    2000/01/03 Fontinst v1.801 font definitions for OML/ztmcm.
omsztmcm.fd    2000/01/03 Fontinst v1.801 font definitions for OMS/ztmcm.
omxztmcm.fd    2000/01/03 Fontinst v1.801 font definitions for OMX/ztmcm.
  ustmry.fd
  ot1ptm.fd    2001/06/04 font definitions for OT1/ptm.
  t1cmtt.fd    2023/04/13 v2.5m Standard LaTeX font definitions
acknowledgement.tex
dedication.tex
dedicationz.tex
abstract.tex
    main.gls-abr
introduction.tex
  ts1ptm.fd    2001/06/04 font definitions for TS1/ptm.
chapters/chapter1/chapter1.tex
chapters/chapter1/images/Figure01.png
chapters/chapter1/images/Dnn.png
chapters/chapter1/images/CNNarchitecture.png
chapters/chapter1/images/Figure05.png
chapters/chapter1/images/Figure06.png
chapters/chapter1/images/Figure08.png
chapters/chapter1/images/Figure11.png
chapters/chapter1/images/Figure12.png
chapters/chapter1/images/Figure13.png
chapters/chapter1/images/Figure15.png
chapters/chapter1/images/Figure16.png
chapters/chapter1/images/Figure17.png
chapters/chapter1/images/Figure18.png
chapters/chapter1/images/Figure19.png
chapters/chapter13/chapter13.tex
chapters/chapter2/images/CropsProduction.png
chapters/chapter2/images/AlgeriaWheat.png
chapters/chapter2/images/Figure02.png
chapters/chapter13/images/WheatDiseases.png
chapters/chapter2/images/Figure11.png
chapters/chapter2/images/Figure12.png
chapters/chapter2/images/Figure13.png
chapters/chapter2/images/Figure15.png
chapters/chapter2/images/Figure16.png
chapters/chapter2/images/Figure17.png
chapters/chapter2/images/Figure18.png
chapters/chapter2/images/Figure19.png
chapters/chapter3/images/Figure01.png
chapters/chapter3/images/Figure02.png
chapters/chapter3/images/Figure03.png
chapters/chapter3/images/Figure04.png
chapters/chapter3/images/Figure05.png
chapters/chapter3/images/Figure06.png
chapters/chapter3/images/Figure09.png
chapters/chapter44/chapter44.tex
chapters/chapter4/images/Figure00.png
chapters/chapter4/images/Figure01.png
chapters/chapter4/images/Figure02.png
chapters/chapter4/images/Figure03.png
chapters/chapter5/images/Figure01.png
chapters/chapter5/images/Figure02b.png
chapters/chapter4/images/Figure04.png
chapters/chapter4/images/Figure05.png
chapters/chapter5/images/Figure08.png
appendices/images/FigureA9.png
chapters/chapter5/images/Figure03.png
chapters/chapter4/images/Figure08.png
chapters/chapter4/images/Figure13.jpeg
chapters/chapter4/images/Figure14.png
chapters/chapter4/images/Figure10.png
chapters/chapter4/images/Figure12.png
chapters/chapter56/chapter56.tex
chapters/chapter56/images/Figure13.png
chapters/chapter56/images/Figure04.png
chapters/chapter56/images/Figure10.png
chapters/chapter56/images/Figure05.png
chapters/chapter56/images/Figure06.png
chapters/chapter56/images/Figure07.png
chapters/chapter5/images/Figure11.png
chapters/chapter56/images/Figure02.png
chapters/chapter56/images/Figure03.png
chapters/chapter56/images/Figure004.png
chapters/chapter56/images/ConfusionMatricsSingleModel.png
chapters/chapter56/images/ConfusionMatricsPests.png
chapters/chapter56/images/YoloObbResualts.png
conclusion.tex
appendices/annexeA.tex
chapters/chapter1/images/Figure09.png
chapters/chapter1/images/Figure10.png
appendices/images/FigureA1.png
appendices/images/FigureA5.png
appendices/images/FigureA6.png
appendices/images/FigureA7.png
appendices/images/FigureA8.png
appendices/images/FigureOBB.png
appendices/annexeC.tex
appendices/images/Python.png
appendices/images/GoogleColab.png
appendices/images/JupyterNotebook.png
appendices/images/VSCode.png
appendices/images/TensorFlow.png
appendices/images/PyTorch.png
appendices/images/Ultralytics.png
appendices/images/scikit-learn.png
appendices/images/Joblib.png
appendices/images/NumPy.png
appendices/images/OpenCV.png
appendices/images/Albumentations.png
appendices/images/Matplotlib.png
appendices/images/Seaborn.png
appendices/images/CVAT.png
appendices/images/Lucidchart.png
appendices/images/Figma.png
appendices/images/Flask.png
appendices/images/React.png
appendices/images/TailwindCSS.png
appendices/images/Vite.png
appendices/images/HomePage.png
appendices/images/About.png
appendices/images/Documentation.png
appendices/images/ContactUs.png
appendices/annexeD.tex
appendices/images/comm.png
appendices/images/GANTTCHART.jpg
 ***********


LaTeX Font Warning: Some font shapes were not available, defaults substituted.

Package logreq Info: Writing requests to 'main.run.xml'.
\openout1 = `main.run.xml'.

 )
(\end occurred inside a group at level 14)

### semi simple group (level 14) entered at line 871 (\begingroup)
### semi simple group (level 13) entered at line 830 (\begingroup)
### semi simple group (level 12) entered at line 762 (\begingroup)
### semi simple group (level 11) entered at line 714 (\begingroup)
### semi simple group (level 10) entered at line 687 (\begingroup)
### semi simple group (level 9) entered at line 510 (\begingroup)
### semi simple group (level 8) entered at line 488 (\begingroup)
### semi simple group (level 7) entered at line 455 (\begingroup)
### semi simple group (level 6) entered at line 416 (\begingroup)
### semi simple group (level 5) entered at line 91 (\begingroup)
### semi simple group (level 4) entered at line 14 (\begingroup)
### semi simple group (level 3) entered at line 762 (\begingroup)
### semi simple group (level 2) entered at line 731 (\begingroup)
### semi simple group (level 1) entered at line 9 (\begingroup)
### bottom level 
Here is how much of TeX's memory you used:
 78366 strings out of 474486
 1742001 string characters out of 5744227
 3056944 words of memory out of 5000000
 98976 multiletter control sequences out of 15000+600000
 632465 words of font info for 124 fonts, out of 8000000 for 9000
 1141 hyphenation exceptions out of 8191
 95i,15n,109p,2598b,9363s stack positions out of 10000i,1000n,20000p,200000b,200000s
 <C:\Users\DELL\AppData\Local\MiKTeX\fonts/pk/ljfour/jknappen/e
c/dpi600\ectt1200.pk> <C:\Users\DELL\AppData\Local\MiKTeX\fonts/pk/ljfour/jknap
pen/ec/dpi600\ectt1440.pk><C:/Users/DELL/AppData/Local/Programs/MiKTeX/fonts/ty
pe1/public/arabi/ae_almohanad_bold.pfb><C:/Users/DELL/AppData/Local/Programs/Mi
KTeX/fonts/type1/public/amsfonts/cm/cmex10.pfb><C:/Users/DELL/AppData/Local/Pro
grams/MiKTeX/fonts/type1/public/amsfonts/cm/cmmi10.pfb><C:/Users/DELL/AppData/L
ocal/Programs/MiKTeX/fonts/type1/public/amsfonts/cm/cmr10.pfb><C:/Users/DELL/Ap
pData/Local/Programs/MiKTeX/fonts/type1/public/amsfonts/cm/cmss12.pfb><C:/Users
/DELL/AppData/Local/Programs/MiKTeX/fonts/type1/public/amsfonts/cm/cmss9.pfb><C
:/Users/DELL/AppData/Local/Programs/MiKTeX/fonts/type1/public/amsfonts/cm/cmsy1
0.pfb><C:/Users/DELL/AppData/Local/Programs/MiKTeX/fonts/type1/public/amsfonts/
symbols/msbm10.pfb><C:/Users/DELL/AppData/Local/Programs/MiKTeX/fonts/type1/pub
lic/rsfs/rsfs10.pfb><C:/Users/DELL/AppData/Local/Programs/MiKTeX/fonts/type1/ur
w/symbol/usyr.pfb><C:/Users/DELL/AppData/Local/Programs/MiKTeX/fonts/type1/urw/
symbol/usyr.pfb><C:/Users/DELL/AppData/Local/Programs/MiKTeX/fonts/type1/urw/ti
mes/utmb8a.pfb><C:/Users/DELL/AppData/Local/Programs/MiKTeX/fonts/type1/urw/tim
es/utmr8a.pfb><C:/Users/DELL/AppData/Local/Programs/MiKTeX/fonts/type1/urw/time
s/utmri8a.pfb><C:/Users/DELL/AppData/Local/Programs/MiKTeX/fonts/type1/public/a
rabtex/xnsh14.pfb><C:/Users/DELL/AppData/Local/Programs/MiKTeX/fonts/type1/publ
ic/arabtex/xnsh14bf.pfb>
Output written on main.pdf (132 pages, 59791068 bytes).
PDF statistics:
 2560 PDF objects out of 2984 (max. 8388607)
 511 named destinations out of 1000 (max. 500000)
 1151 words of extra memory for PDF output out of 10000 (max. 10000000)

